"Begin Time - msec","End Time - msec","Duration - msec","master_segm","File","File Path"
55408,56873,1465,"segm_1","antwerp1a_run1_segm.eaf"

4495,7666,3171,"segm_1","antwerp1a_run2_segm.eaf"
7666,8416,750,"segm_2","antwerp1a_run2_segm.eaf"
8416,10388,1972,"segm_3","antwerp1a_run2_segm.eaf"
10388,11555,1167,"segm_4","antwerp1a_run2_segm.eaf"
11555,12777,1222,"segm_5","antwerp1a_run2_segm.eaf"
12777,14472,1695,"segm_6","antwerp1a_run2_segm.eaf"
14472,16500,2028,"segm_7","antwerp1a_run2_segm.eaf"
16500,20250,3750,"segm_8","antwerp1a_run2_segm.eaf"
20250,23519,3269,"segm_9","antwerp1a_run2_segm.eaf"
23519,25500,1981,"segm_10","antwerp1a_run2_segm.eaf"
25500,26472,972,"segm_11","antwerp1a_run2_segm.eaf"
26472,28555,2083,"segm_12","antwerp1a_run2_segm.eaf"
30055,31722,1667,"segm_13","antwerp1a_run2_segm.eaf"

1006,2675,1669,"segm_1","antwerp1b_run1_segm.eaf"
2675,4133,1458,"segm_2","antwerp1b_run1_segm.eaf"
4133,5931,1798,"segm_3","antwerp1b_run1_segm.eaf"
5931,7941,2010,"segm_4","antwerp1b_run1_segm.eaf"
7941,8837,896,"segm_5","antwerp1b_run1_segm.eaf"
8837,10843,2006,"segm_6","antwerp1b_run1_segm.eaf"
10843,11750,907,"segm_7","antwerp1b_run1_segm.eaf"
11750,13035,1285,"segm_8","antwerp1b_run1_segm.eaf"
13035,15901,2866,"segm_9","antwerp1b_run1_segm.eaf"
15901,17558,1657,"segm_10","antwerp1b_run1_segm.eaf"
17558,21465,3907,"segm_11","antwerp1b_run1_segm.eaf"
21465,23732,2267,"segm_12","antwerp1b_run1_segm.eaf"
23732,25220,1488,"segm_13","antwerp1b_run1_segm.eaf"
25220,28732,3512,"segm_14","antwerp1b_run1_segm.eaf"
28732,30441,1709,"segm_15","antwerp1b_run1_segm.eaf"
30441,31500,1059,"segm_16","antwerp1b_run1_segm.eaf"
31500,34087,2587,"segm_17","antwerp1b_run1_segm.eaf"
34087,35755,1668,"segm_18","antwerp1b_run1_segm.eaf"
42565,44750,2185,"segm_19","antwerp1b_run1_segm.eaf"
44750,46000,1250,"segm_20","antwerp1b_run1_segm.eaf"
46000,47527,1527,"segm_21","antwerp1b_run1_segm.eaf"
47527,53021,5494,"segm_22","antwerp1b_run1_segm.eaf"

591,2897,2306,"segm_1","antwerp1b_run2_segm.eaf"
2897,4326,1429,"segm_2","antwerp1b_run2_segm.eaf"
4326,6122,1796,"segm_3","antwerp1b_run2_segm.eaf"
6122,13204,7082,"segm_4","antwerp1b_run2_segm.eaf"
13204,15126,1922,"segm_5","antwerp1b_run2_segm.eaf"
15126,18642,3516,"segm_6","antwerp1b_run2_segm.eaf"
18642,22422,3780,"segm_7","antwerp1b_run2_segm.eaf"
22422,28469,6047,"segm_8","antwerp1b_run2_segm.eaf"
28469,29979,1510,"segm_9","antwerp1b_run2_segm.eaf"
29979,31672,1693,"segm_10","antwerp1b_run2_segm.eaf"
31672,34262,2590,"segm_11","antwerp1b_run2_segm.eaf"
34816,36489,1673,"segm_12","antwerp1b_run2_segm.eaf"
36489,40367,3878,"segm_13","antwerp1b_run2_segm.eaf"
40367,47489,7122,"segm_14","antwerp1b_run2_segm.eaf"
49795,54040,4245,"segm_15","antwerp1b_run2_segm.eaf"
55336,57867,2531,"segm_16","antwerp1b_run2_segm.eaf"
60418,63755,3337,"segm_17","antwerp1b_run2_segm.eaf"
63755,65494,1739,"segm_18","antwerp1b_run2_segm.eaf"


5999,7433,1434,"segm_1","antwerp2a_run2_segm.eaf"
16188,18511,2323,"segm_2","antwerp2a_run2_segm.eaf"
30962,34905,3943,"segm_3","antwerp2a_run2_segm.eaf"
34905,37603,2698,"segm_4","antwerp2a_run2_segm.eaf"
37603,40528,2925,"segm_5","antwerp2a_run2_segm.eaf"
40528,44811,4283,"segm_6","antwerp2a_run2_segm.eaf"
44811,48622,3811,"segm_7","antwerp2a_run2_segm.eaf"
48622,53617,4995,"segm_8","antwerp2a_run2_segm.eaf"
60415,62122,1707,"segm_9","antwerp2a_run2_segm.eaf"
65830,67528,1698,"segm_10","antwerp2a_run2_segm.eaf"
75622,78452,2830,"segm_11","antwerp2a_run2_segm.eaf"

2098,6493,4395,"segm_1","antwerp2b_run1_segm.eaf"
19654,22456,2802,"segm_2","antwerp2b_run1_segm.eaf"
26382,28086,1704,"segm_3","antwerp2b_run1_segm.eaf"
44283,50283,6000,"segm_4","antwerp2b_run1_segm.eaf"
50888,56407,5519,"segm_5","antwerp2b_run1_segm.eaf"
76272,86817,10545,"segm_6","antwerp2b_run1_segm.eaf"

5329,9409,4080,"segm_1","antwerp2b_run2_segm.eaf"
9409,13500,4091,"segm_2","antwerp2b_run2_segm.eaf"
13500,21522,8022,"segm_3","antwerp2b_run2_segm.eaf"
21522,26795,5273,"segm_4","antwerp2b_run2_segm.eaf"
26795,27340,545,"segm_5","antwerp2b_run2_segm.eaf"
50545,52911,2366,"segm_6","antwerp2b_run2_segm.eaf"

21592,26061,4469,"segm_1","antwerp3a_run1_segm.eaf"
26061,28506,2445,"segm_2","antwerp3a_run1_segm.eaf"
28506,29530,1024,"segm_3","antwerp3a_run1_segm.eaf"
29530,30592,1062,"segm_4","antwerp3a_run1_segm.eaf"
30592,32950,2358,"segm_5","antwerp3a_run1_segm.eaf"
32950,40086,7136,"segm_6","antwerp3a_run1_segm.eaf"

1968,8359,6391,"segm_1","antwerp3a_run2_segm.eaf"
8359,10281,1922,"segm_2","antwerp3a_run2_segm.eaf"
10281,15609,5328,"segm_3","antwerp3a_run2_segm.eaf"
15609,18078,2469,"segm_4","antwerp3a_run2_segm.eaf"
18078,29562,11484,"segm_5","antwerp3a_run2_segm.eaf"
29562,32578,3016,"segm_6","antwerp3a_run2_segm.eaf"
32578,37203,4625,"segm_7","antwerp3a_run2_segm.eaf"
37203,39458,2255,"segm_8","antwerp3a_run2_segm.eaf"
39458,44937,5479,"segm_9","antwerp3a_run2_segm.eaf"
44937,48906,3969,"segm_10","antwerp3a_run2_segm.eaf"
52781,55696,2915,"segm_11","antwerp3a_run2_segm.eaf"

1382,4617,3235,"segm_1","antwerp3b_run1_segm.eaf"
4617,6805,2188,"segm_2","antwerp3b_run1_segm.eaf"
6805,10936,4131,"segm_3","antwerp3b_run1_segm.eaf"
11617,15617,4000,"segm_4","antwerp3b_run1_segm.eaf"
15617,18687,3070,"segm_5","antwerp3b_run1_segm.eaf"
18687,22137,3450,"segm_6","antwerp3b_run1_segm.eaf"
22137,30997,8860,"segm_7","antwerp3b_run1_segm.eaf"
30997,34357,3360,"segm_8","antwerp3b_run1_segm.eaf"
34357,36901,2544,"segm_9","antwerp3b_run1_segm.eaf"
39149,42000,2851,"segm_10","antwerp3b_run1_segm.eaf"
42000,45038,3038,"segm_11","antwerp3b_run1_segm.eaf"
45038,53525,8487,"segm_12","antwerp3b_run1_segm.eaf"
53525,55685,2160,"segm_13","antwerp3b_run1_segm.eaf"

2447,9463,7016,"segm_1","antwerp3b_run2_segm.eaf"
9463,10757,1294,"segm_2","antwerp3b_run2_segm.eaf"
10757,12661,1904,"segm_3","antwerp3b_run2_segm.eaf"
12661,14431,1770,"segm_4","antwerp3b_run2_segm.eaf"
14431,18589,4158,"segm_5","antwerp3b_run2_segm.eaf"
18589,21800,3211,"segm_6","antwerp3b_run2_segm.eaf"
21800,24052,2252,"segm_7","antwerp3b_run2_segm.eaf"
24052,26644,2592,"segm_8","antwerp3b_run2_segm.eaf"
26644,29115,2471,"segm_9","antwerp3b_run2_segm.eaf"
29115,31958,2843,"segm_10","antwerp3b_run2_segm.eaf"
34884,37940,3056,"segm_11","antwerp3b_run2_segm.eaf"
37940,39800,1860,"segm_12","antwerp3b_run2_segm.eaf"
39800,44901,5101,"segm_13","antwerp3b_run2_segm.eaf"
44901,48757,3856,"segm_14","antwerp3b_run2_segm.eaf"
48757,50642,1885,"segm_15","antwerp3b_run2_segm.eaf"

16433,17507,1074,"segm_1","antwerp4a_run1_segm.eaf"
22544,24007,1463,"segm_2","antwerp4a_run1_segm.eaf"
28507,29889,1382,"segm_3","antwerp4a_run1_segm.eaf"
29889,31117,1228,"segm_4","antwerp4a_run1_segm.eaf"
34919,35588,669,"segm_5","antwerp4a_run1_segm.eaf"
43051,43830,779,"segm_6","antwerp4a_run1_segm.eaf"

6156,7906,1750,"segm_1","antwerp4a_run2_segm.eaf"
7906,8796,890,"segm_2","antwerp4a_run2_segm.eaf"
8796,10890,2094,"segm_3","antwerp4a_run2_segm.eaf"
17625,19968,2343,"segm_4","antwerp4a_run2_segm.eaf"
24625,27984,3359,"segm_5","antwerp4a_run2_segm.eaf"
28781,30478,1697,"segm_6","antwerp4a_run2_segm.eaf"
32750,33828,1078,"segm_7","antwerp4a_run2_segm.eaf"
35484,36609,1125,"segm_8","antwerp4a_run2_segm.eaf"
58531,59687,1156,"segm_9","antwerp4a_run2_segm.eaf"
59687,64314,4627,"segm_10","antwerp4a_run2_segm.eaf"
65609,68468,2859,"segm_11","antwerp4a_run2_segm.eaf"

6618,7906,1288,"segm_1","antwerp4b_run1_segm.eaf"
31438,32894,1456,"segm_2","antwerp4b_run1_segm.eaf"

45694,46221,527,"segm_1","antwerp4b_run2_segm.eaf"

1221,2683,1462,"segm_1","antwerp5a_run1_segm.eaf"
4297,6846,2549,"segm_2","antwerp5a_run1_segm.eaf"
7457,10103,2646,"segm_3","antwerp5a_run1_segm.eaf"
10103,14014,3911,"segm_4","antwerp5a_run1_segm.eaf"
14014,15702,1688,"segm_5","antwerp5a_run1_segm.eaf"
15702,19471,3769,"segm_6","antwerp5a_run1_segm.eaf"
19471,22264,2793,"segm_7","antwerp5a_run1_segm.eaf"
22264,24773,2509,"segm_8","antwerp5a_run1_segm.eaf"
24773,28113,3340,"segm_9","antwerp5a_run1_segm.eaf"
28113,29981,1868,"segm_10","antwerp5a_run1_segm.eaf"
29981,31952,1971,"segm_11","antwerp5a_run1_segm.eaf"
31952,33306,1354,"segm_12","antwerp5a_run1_segm.eaf"
33306,35438,2132,"segm_13","antwerp5a_run1_segm.eaf"
38863,42466,3603,"segm_14","antwerp5a_run1_segm.eaf"
43778,52122,8344,"segm_15","antwerp5a_run1_segm.eaf"
52122,54888,2766,"segm_16","antwerp5a_run1_segm.eaf"
70698,73426,2728,"segm_17","antwerp5a_run1_segm.eaf"

4949,8703,3754,"segm_1","antwerp5a_run2_segm.eaf"
8703,10864,2161,"segm_2","antwerp5a_run2_segm.eaf"
10864,14211,3347,"segm_3","antwerp5a_run2_segm.eaf"
14211,16076,1865,"segm_4","antwerp5a_run2_segm.eaf"
16076,19271,3195,"segm_5","antwerp5a_run2_segm.eaf"
19271,20415,1144,"segm_6","antwerp5a_run2_segm.eaf"
20415,21432,1017,"segm_7","antwerp5a_run2_segm.eaf"
21432,22949,1517,"segm_8","antwerp5a_run2_segm.eaf"
22949,24644,1695,"segm_9","antwerp5a_run2_segm.eaf"
24644,28974,4330,"segm_10","antwerp5a_run2_segm.eaf"
28974,32296,3322,"segm_11","antwerp5a_run2_segm.eaf"
32296,33724,1428,"segm_12","antwerp5a_run2_segm.eaf"
33724,36466,2742,"segm_13","antwerp5a_run2_segm.eaf"
36466,39355,2889,"segm_14","antwerp5a_run2_segm.eaf"
39355,42466,3111,"segm_15","antwerp5a_run2_segm.eaf"
42466,45661,3195,"segm_16","antwerp5a_run2_segm.eaf"
47237,49542,2305,"segm_17","antwerp5a_run2_segm.eaf"
49542,51474,1932,"segm_18","antwerp5a_run2_segm.eaf"
55677,59686,4009,"segm_19","antwerp5a_run2_segm.eaf"
59686,63933,4247,"segm_20","antwerp5a_run2_segm.eaf"
64423,66330,1907,"segm_21","antwerp5a_run2_segm.eaf"
66330,67559,1229,"segm_22","antwerp5a_run2_segm.eaf"
67559,69693,2134,"segm_23","antwerp5a_run2_segm.eaf"
71525,73093,1568,"segm_24","antwerp5a_run2_segm.eaf"
78584,81676,3092,"segm_25","antwerp5a_run2_segm.eaf"

2462,5597,3135,"segm_1","antwerp5b_run1_segm.eaf"
5597,7701,2104,"segm_2","antwerp5b_run1_segm.eaf"
7701,9119,1418,"segm_3","antwerp5b_run1_segm.eaf"
9119,10253,1134,"segm_4","antwerp5b_run1_segm.eaf"
11656,13328,1672,"segm_5","antwerp5b_run1_segm.eaf"
13746,18089,4343,"segm_6","antwerp5b_run1_segm.eaf"
18089,20925,2836,"segm_7","antwerp5b_run1_segm.eaf"
20925,21552,627,"segm_8","antwerp5b_run1_segm.eaf"
21552,22417,865,"segm_9","antwerp5b_run1_segm.eaf"
22417,26059,3642,"segm_10","antwerp5b_run1_segm.eaf"
26059,28417,2358,"segm_11","antwerp5b_run1_segm.eaf"
33940,35656,1716,"segm_12","antwerp5b_run1_segm.eaf"
35656,38701,3045,"segm_13","antwerp5b_run1_segm.eaf"
39671,43641,3970,"segm_14","antwerp5b_run1_segm.eaf"
46582,49761,3179,"segm_15","antwerp5b_run1_segm.eaf"
49761,51174,1413,"segm_16","antwerp5b_run1_segm.eaf"
51174,52611,1437,"segm_17","antwerp5b_run1_segm.eaf"
52611,56753,4142,"segm_18","antwerp5b_run1_segm.eaf"
57324,60543,3219,"segm_19","antwerp5b_run1_segm.eaf"

797,2440,1643,"segm_1","antwerp5b_run2_segm.eaf"
2440,4952,2512,"segm_2","antwerp5b_run2_segm.eaf"
4952,7452,2500,"segm_3","antwerp5b_run2_segm.eaf"
8714,10785,2071,"segm_4","antwerp5b_run2_segm.eaf"
10785,14309,3524,"segm_5","antwerp5b_run2_segm.eaf"
14309,16214,1905,"segm_6","antwerp5b_run2_segm.eaf"
16214,18619,2405,"segm_7","antwerp5b_run2_segm.eaf"
18952,23392,4440,"segm_8","antwerp5b_run2_segm.eaf"
23392,26452,3060,"segm_9","antwerp5b_run2_segm.eaf"
26452,30761,4309,"segm_10","antwerp5b_run2_segm.eaf"
30761,32702,1941,"segm_11","antwerp5b_run2_segm.eaf"
34595,36964,2369,"segm_12","antwerp5b_run2_segm.eaf"
36964,41607,4643,"segm_13","antwerp5b_run2_segm.eaf"
41607,42697,1090,"segm_14","antwerp5b_run2_segm.eaf"
42697,47697,5000,"segm_15","antwerp5b_run2_segm.eaf"
51604,54519,2915,"segm_16","antwerp5b_run2_segm.eaf"
54519,55703,1184,"segm_17","antwerp5b_run2_segm.eaf"
55703,58425,2722,"segm_18","antwerp5b_run2_segm.eaf"

4420,6200,1780,"segm_1","antwerp6a_run1_segm.eaf"
6960,11380,4420,"segm_2","antwerp6a_run1_segm.eaf"
11750,15406,3656,"segm_3","antwerp6a_run1_segm.eaf"
15406,18127,2721,"segm_4","antwerp6a_run1_segm.eaf"
18127,18930,803,"segm_5","antwerp6a_run1_segm.eaf"
18930,21459,2529,"segm_6","antwerp6a_run1_segm.eaf"
21459,27463,6004,"segm_7","antwerp6a_run1_segm.eaf"
27463,30316,2853,"segm_8","antwerp6a_run1_segm.eaf"
30316,31807,1491,"segm_9","antwerp6a_run1_segm.eaf"
31807,34864,3057,"segm_10","antwerp6a_run1_segm.eaf"
34864,35677,813,"segm_11","antwerp6a_run1_segm.eaf"
35677,38211,2534,"segm_12","antwerp6a_run1_segm.eaf"
38211,39898,1687,"segm_13","antwerp6a_run1_segm.eaf"
39898,40830,932,"segm_14","antwerp6a_run1_segm.eaf"
40830,42271,1441,"segm_15","antwerp6a_run1_segm.eaf"
42271,46024,3753,"segm_16","antwerp6a_run1_segm.eaf"
47673,51021,3348,"segm_17","antwerp6a_run1_segm.eaf"
55130,55979,849,"segm_18","antwerp6a_run1_segm.eaf"
55979,59608,3629,"segm_19","antwerp6a_run1_segm.eaf"
60543,62279,1736,"segm_20","antwerp6a_run1_segm.eaf"
63469,66214,2745,"segm_21","antwerp6a_run1_segm.eaf"
66214,67755,1541,"segm_22","antwerp6a_run1_segm.eaf"
67755,69112,1357,"segm_23","antwerp6a_run1_segm.eaf"
69112,70030,918,"segm_24","antwerp6a_run1_segm.eaf"
70030,71469,1439,"segm_25","antwerp6a_run1_segm.eaf"
71469,73285,1816,"segm_26","antwerp6a_run1_segm.eaf"
75677,77555,1878,"segm_27","antwerp6a_run1_segm.eaf"

5991,8228,2237,"segm_1","antwerp6a_run2_segm.eaf"
9423,10728,1305,"segm_2","antwerp6a_run2_segm.eaf"
10728,12245,1517,"segm_3","antwerp6a_run2_segm.eaf"
12245,15364,3119,"segm_4","antwerp6a_run2_segm.eaf"
15364,23847,8483,"segm_5","antwerp6a_run2_segm.eaf"
23847,26542,2695,"segm_6","antwerp6a_run2_segm.eaf"
28906,32991,4085,"segm_7","antwerp6a_run2_segm.eaf"
32991,35118,2127,"segm_8","antwerp6a_run2_segm.eaf"
35661,42070,6409,"segm_9","antwerp6a_run2_segm.eaf"
43966,45610,1644,"segm_10","antwerp6a_run2_segm.eaf"
45610,52508,6898,"segm_11","antwerp6a_run2_segm.eaf"
55830,59855,4025,"segm_12","antwerp6a_run2_segm.eaf"
59855,62008,2153,"segm_13","antwerp6a_run2_segm.eaf"
63305,64889,1584,"segm_14","antwerp6a_run2_segm.eaf"
65220,68779,3559,"segm_15","antwerp6a_run2_segm.eaf"
69985,72198,2213,"segm_16","antwerp6a_run2_segm.eaf"
72198,74358,2160,"segm_17","antwerp6a_run2_segm.eaf"
79294,83302,4008,"segm_18","antwerp6a_run2_segm.eaf"

1589,4610,3021,"segm_1","antwerp6b_run1_segm.eaf"
4610,5821,1211,"segm_2","antwerp6b_run1_segm.eaf"
5821,7221,1400,"segm_3","antwerp6b_run1_segm.eaf"
7221,7968,747,"segm_4","antwerp6b_run1_segm.eaf"
8800,10452,1652,"segm_5","antwerp6b_run1_segm.eaf"
10452,11789,1337,"segm_6","antwerp6b_run1_segm.eaf"
12610,15494,2884,"segm_7","antwerp6b_run1_segm.eaf"
18705,20052,1347,"segm_8","antwerp6b_run1_segm.eaf"
20052,23694,3642,"segm_9","antwerp6b_run1_segm.eaf"
24578,27621,3043,"segm_10","antwerp6b_run1_segm.eaf"
27621,30600,2979,"segm_11","antwerp6b_run1_segm.eaf"
31852,37073,5221,"segm_12","antwerp6b_run1_segm.eaf"
37736,39084,1348,"segm_13","antwerp6b_run1_segm.eaf"
44863,46547,1684,"segm_14","antwerp6b_run1_segm.eaf"
47621,49210,1589,"segm_15","antwerp6b_run1_segm.eaf"

441,6784,6343,"segm_1","antwerp6b_run2_segm.eaf"
6784,7939,1155,"segm_2","antwerp6b_run2_segm.eaf"
7939,11209,3270,"segm_3","antwerp6b_run2_segm.eaf"
12950,16966,4016,"segm_4","antwerp6b_run2_segm.eaf"
16966,19812,2846,"segm_5","antwerp6b_run2_segm.eaf"
19812,21458,1646,"segm_6","antwerp6b_run2_segm.eaf"
21458,22696,1238,"segm_7","antwerp6b_run2_segm.eaf"
22696,24364,1668,"segm_8","antwerp6b_run2_segm.eaf"
24364,27203,2839,"segm_9","antwerp6b_run2_segm.eaf"
27203,33203,6000,"segm_10","antwerp6b_run2_segm.eaf"
34974,37940,2966,"segm_11","antwerp6b_run2_segm.eaf"
37940,41296,3356,"segm_12","antwerp6b_run2_segm.eaf"
41296,45105,3809,"segm_13","antwerp6b_run2_segm.eaf"
45105,46224,1119,"segm_14","antwerp6b_run2_segm.eaf"
46224,46824,600,"segm_15","antwerp6b_run2_segm.eaf"
46824,49050,2226,"segm_16","antwerp6b_run2_segm.eaf"
49532,53805,4273,"segm_17","antwerp6b_run2_segm.eaf"
53805,55736,1931,"segm_18","antwerp6b_run2_segm.eaf"
55736,57064,1328,"segm_19","antwerp6b_run2_segm.eaf"
60068,61400,1332,"segm_20","antwerp6b_run2_segm.eaf"
61400,62385,985,"segm_21","antwerp6b_run2_segm.eaf"
66486,68981,2495,"segm_22","antwerp6b_run2_segm.eaf"
68981,70984,2003,"segm_23","antwerp6b_run2_segm.eaf"

8317,10317,2000,"segm_1","leuven1a_run1_segm.eaf"
12389,15985,3596,"segm_2","leuven1a_run1_segm.eaf"
15985,18330,2345,"segm_3","leuven1a_run1_segm.eaf"
19235,19933,698,"segm_4","leuven1a_run1_segm.eaf"
19933,21420,1487,"segm_5","leuven1a_run1_segm.eaf"
21420,22661,1241,"segm_6","leuven1a_run1_segm.eaf"
22661,23536,875,"segm_7","leuven1a_run1_segm.eaf"
23536,25448,1912,"segm_8","leuven1a_run1_segm.eaf"
35213,38338,3125,"segm_9","leuven1a_run1_segm.eaf"
43007,44080,1073,"segm_10","leuven1a_run1_segm.eaf"
55455,57316,1861,"segm_11","leuven1a_run1_segm.eaf"
57316,58375,1059,"segm_12","leuven1a_run1_segm.eaf"
58375,58955,580,"segm_13","leuven1a_run1_segm.eaf"
58955,59794,839,"segm_14","leuven1a_run1_segm.eaf"
59794,61375,1581,"segm_15","leuven1a_run1_segm.eaf"
61375,63617,2242,"segm_16","leuven1a_run1_segm.eaf"
66926,69000,2074,"segm_17","leuven1a_run1_segm.eaf"
69007,70948,1941,"segm_18","leuven1a_run1_segm.eaf"
71595,74242,2647,"segm_19","leuven1a_run1_segm.eaf"

150,3240,3090,"segm_1","leuven1a_run2_segm.eaf"
3240,5120,1880,"segm_2","leuven1a_run2_segm.eaf"
5121,9217,4096,"segm_3","leuven1a_run2_segm.eaf"
9217,11214,1997,"segm_4","leuven1a_run2_segm.eaf"
11214,16232,5018,"segm_5","leuven1a_run2_segm.eaf"
17017,18239,1222,"segm_6","leuven1a_run2_segm.eaf"
18239,20148,1909,"segm_7","leuven1a_run2_segm.eaf"
20148,23889,3741,"segm_8","leuven1a_run2_segm.eaf"
23889,25075,1186,"segm_9","leuven1a_run2_segm.eaf"
25075,25721,646,"segm_10","leuven1a_run2_segm.eaf"
25721,26607,886,"segm_11","leuven1a_run2_segm.eaf"
26607,28096,1489,"segm_12","leuven1a_run2_segm.eaf"
28096,32946,4850,"segm_13","leuven1a_run2_segm.eaf"
32946,34174,1228,"segm_14","leuven1a_run2_segm.eaf"
36247,38270,2023,"segm_15","leuven1a_run2_segm.eaf"
38270,39770,1500,"segm_16","leuven1a_run2_segm.eaf"
39770,43128,3358,"segm_17","leuven1a_run2_segm.eaf"
43128,46394,3266,"segm_18","leuven1a_run2_segm.eaf"

130,2024,1894,"segm_1","leuven1b_run1_segm.eaf"
2024,3393,1369,"segm_2","leuven1b_run1_segm.eaf"
3393,4838,1445,"segm_3","leuven1b_run1_segm.eaf"
4838,6264,1426,"segm_4","leuven1b_run1_segm.eaf"
6264,7852,1588,"segm_5","leuven1b_run1_segm.eaf"
7852,9949,2097,"segm_6","leuven1b_run1_segm.eaf"
9949,15244,5295,"segm_7","leuven1b_run1_segm.eaf"
15244,17867,2623,"segm_8","leuven1b_run1_segm.eaf"
17867,23061,5194,"segm_9","leuven1b_run1_segm.eaf"
23061,27642,4581,"segm_10","leuven1b_run1_segm.eaf"
27642,30275,2633,"segm_11","leuven1b_run1_segm.eaf"
30275,31647,1372,"segm_12","leuven1b_run1_segm.eaf"
31647,33061,1414,"segm_13","leuven1b_run1_segm.eaf"
33061,33544,483,"segm_14","leuven1b_run1_segm.eaf"
33544,35404,1860,"segm_15","leuven1b_run1_segm.eaf"
35404,39419,4015,"segm_16","leuven1b_run1_segm.eaf"
39419,40066,647,"segm_17","leuven1b_run1_segm.eaf"
40066,43216,3150,"segm_18","leuven1b_run1_segm.eaf"
43216,44587,1371,"segm_19","leuven1b_run1_segm.eaf"
44587,45187,600,"segm_20","leuven1b_run1_segm.eaf"
45187,46476,1289,"segm_21","leuven1b_run1_segm.eaf"
46476,54018,7542,"segm_22","leuven1b_run1_segm.eaf"
54018,55394,1376,"segm_23","leuven1b_run1_segm.eaf"
55394,57256,1862,"segm_24","leuven1b_run1_segm.eaf"
57256,59983,2727,"segm_25","leuven1b_run1_segm.eaf"
59983,61450,1467,"segm_26","leuven1b_run1_segm.eaf"
61450,63467,2017,"segm_27","leuven1b_run1_segm.eaf"
63467,65376,1909,"segm_28","leuven1b_run1_segm.eaf"
65376,66596,1220,"segm_29","leuven1b_run1_segm.eaf"
66596,67765,1169,"segm_30","leuven1b_run1_segm.eaf"
67765,69355,1590,"segm_31","leuven1b_run1_segm.eaf"
69355,72737,3382,"segm_32","leuven1b_run1_segm.eaf"

659,3750,3091,"segm_1","leuven1b_run2_segm.eaf"
3750,4829,1079,"segm_2","leuven1b_run2_segm.eaf"
4829,7488,2659,"segm_3","leuven1b_run2_segm.eaf"
7488,8750,1262,"segm_4","leuven1b_run2_segm.eaf"
8750,10488,1738,"segm_5","leuven1b_run2_segm.eaf"
10488,12522,2034,"segm_6","leuven1b_run2_segm.eaf"
12522,13795,1273,"segm_7","leuven1b_run2_segm.eaf"
13795,14915,1120,"segm_8","leuven1b_run2_segm.eaf"
14915,17771,2856,"segm_9","leuven1b_run2_segm.eaf"
19644,22584,2940,"segm_10","leuven1b_run2_segm.eaf"
25228,29415,4187,"segm_11","leuven1b_run2_segm.eaf"
29415,30686,1271,"segm_12","leuven1b_run2_segm.eaf"
32576,34391,1815,"segm_13","leuven1b_run2_segm.eaf"
35974,42338,6364,"segm_14","leuven1b_run2_segm.eaf"
43101,45076,1975,"segm_15","leuven1b_run2_segm.eaf"

1160,4370,3210,"segm_1","leuven2a_run1_segm.eaf"
4370,7110,2740,"segm_2","leuven2a_run1_segm.eaf"
7110,8823,1713,"segm_3","leuven2a_run1_segm.eaf"
10130,11530,1400,"segm_4","leuven2a_run1_segm.eaf"
11530,12670,1140,"segm_5","leuven2a_run1_segm.eaf"
12670,14599,1929,"segm_6","leuven2a_run1_segm.eaf"
14599,16577,1978,"segm_7","leuven2a_run1_segm.eaf"
17412,18768,1356,"segm_8","leuven2a_run1_segm.eaf"
18768,20088,1320,"segm_9","leuven2a_run1_segm.eaf"
20088,20904,816,"segm_10","leuven2a_run1_segm.eaf"
20904,23437,2533,"segm_11","leuven2a_run1_segm.eaf"
27055,30276,3221,"segm_12","leuven2a_run1_segm.eaf"
30276,33522,3246,"segm_13","leuven2a_run1_segm.eaf"
38824,43452,4628,"segm_14","leuven2a_run1_segm.eaf"

1050,3440,2390,"segm_1","leuven2a_run2_segm.eaf"
3440,5210,1770,"segm_2","leuven2a_run2_segm.eaf"
5210,7696,2486,"segm_3","leuven2a_run2_segm.eaf"
7696,9613,1917,"segm_4","leuven2a_run2_segm.eaf"
9613,12897,3284,"segm_5","leuven2a_run2_segm.eaf"
12897,16630,3733,"segm_6","leuven2a_run2_segm.eaf"
16630,20018,3388,"segm_7","leuven2a_run2_segm.eaf"
20018,21730,1712,"segm_8","leuven2a_run2_segm.eaf"
21730,25097,3367,"segm_9","leuven2a_run2_segm.eaf"
26752,30795,4043,"segm_10","leuven2a_run2_segm.eaf"

5510,7540,2030,"segm_1","leuven2b_run1_segm.eaf"
10740,12628,1888,"segm_2","leuven2b_run1_segm.eaf"
13530,14930,1400,"segm_3","leuven2b_run1_segm.eaf"
16500,17680,1180,"segm_4","leuven2b_run1_segm.eaf"
17680,19870,2190,"segm_5","leuven2b_run1_segm.eaf"
30520,33880,3360,"segm_6","leuven2b_run1_segm.eaf"
33880,36940,3060,"segm_6","leuven2b_run1_segm.eaf"
36940,38120,1180,"segm_6","leuven2b_run1_segm.eaf"

1202,2559,1357,"segm_1","leuven2b_run2_segm.eaf"
2559,4178,1619,"segm_2","leuven2b_run2_segm.eaf"
4178,5761,1583,"segm_3","leuven2b_run2_segm.eaf"
5761,7416,1655,"segm_4","leuven2b_run2_segm.eaf"
7416,8666,1250,"segm_5","leuven2b_run2_segm.eaf"
8666,10678,2012,"segm_6","leuven2b_run2_segm.eaf"
10678,11397,719,"segm_7","leuven2b_run2_segm.eaf"
11397,13484,2087,"segm_8","leuven2b_run2_segm.eaf"
15750,20046,4296,"segm_9","leuven2b_run2_segm.eaf"
20046,21781,1735,"segm_10","leuven2b_run2_segm.eaf"

3726,5210,1484,"segm_1","leuven3a_run1_segm.eaf"
7178,10568,3390,"segm_2","leuven3a_run1_segm.eaf"
13284,16610,3326,"segm_3","leuven3a_run1_segm.eaf"
16610,17944,1334,"segm_4","leuven3a_run1_segm.eaf"
19063,34968,15905,"segm_5","leuven3a_run1_segm.eaf"
34968,36600,1632,"segm_6","leuven3a_run1_segm.eaf"
36600,38663,2063,"segm_7","leuven3a_run1_segm.eaf"
38663,40494,1831,"segm_8","leuven3a_run1_segm.eaf"
40494,41557,1063,"segm_9","leuven3a_run1_segm.eaf"
41557,43108,1551,"segm_10","leuven3a_run1_segm.eaf"
43108,45452,2344,"segm_11","leuven3a_run1_segm.eaf"
45452,46031,579,"segm_12","leuven3a_run1_segm.eaf"
47842,53926,6084,"segm_13","leuven3a_run1_segm.eaf"
54568,56189,1621,"segm_14","leuven3a_run1_segm.eaf"

160,2430,2270,"segm_1","leuven3a_run2_segm.eaf"
2430,4317,1887,"segm_2","leuven3a_run2_segm.eaf"
4317,8310,3993,"segm_3","leuven3a_run2_segm.eaf"
8720,10030,1310,"segm_4","leuven3a_run2_segm.eaf"
11150,12870,1720,"segm_5","leuven3a_run2_segm.eaf"
12870,14750,1880,"segm_6","leuven3a_run2_segm.eaf"
14750,15362,612,"segm_7","leuven3a_run2_segm.eaf"
19660,21230,1570,"segm_8","leuven3a_run2_segm.eaf"
21230,22650,1420,"segm_9","leuven3a_run2_segm.eaf"
22650,24560,1910,"segm_10","leuven3a_run2_segm.eaf"
24560,25940,1380,"segm_11","leuven3a_run2_segm.eaf"
27130,28400,1270,"segm_12","leuven3a_run2_segm.eaf"
28400,29600,1200,"segm_13","leuven3a_run2_segm.eaf"
29600,32503,2903,"segm_14","leuven3a_run2_segm.eaf"
32503,34510,2007,"segm_15","leuven3a_run2_segm.eaf"
34510,40030,5520,"segm_16","leuven3a_run2_segm.eaf"
40030,43120,3090,"segm_17","leuven3a_run2_segm.eaf"
43120,44217,1097,"segm_18","leuven3a_run2_segm.eaf"
44217,46680,2463,"segm_19","leuven3a_run2_segm.eaf"
46680,49310,2630,"segm_20","leuven3a_run2_segm.eaf"
50830,56145,5315,"segm_21","leuven3a_run2_segm.eaf"
56145,57530,1385,"segm_22","leuven3a_run2_segm.eaf"
58116,59982,1866,"segm_23","leuven3a_run2_segm.eaf"
59982,61134,1152,"segm_24","leuven3a_run2_segm.eaf"
61134,62174,1040,"segm_25","leuven3a_run2_segm.eaf"
62174,65994,3820,"segm_26","leuven3a_run2_segm.eaf"
65994,66655,661,"segm_27","leuven3a_run2_segm.eaf"
66655,67651,996,"segm_28","leuven3a_run2_segm.eaf"

2252,4231,1979,"segm_1","leuven3b_run1_segm.eaf"
4231,6357,2126,"segm_2","leuven3b_run1_segm.eaf"
6357,7736,1379,"segm_3","leuven3b_run1_segm.eaf"
9221,10726,1505,"segm_4","leuven3b_run1_segm.eaf"
11589,15968,4379,"segm_5","leuven3b_run1_segm.eaf"
15968,20736,4768,"segm_6","leuven3b_run1_segm.eaf"
22547,23052,505,"segm_7","leuven3b_run1_segm.eaf"
25189,26589,1400,"segm_8","leuven3b_run1_segm.eaf"
26968,30831,3863,"segm_9","leuven3b_run1_segm.eaf"
30831,31494,663,"segm_10","leuven3b_run1_segm.eaf"
31494,35373,3879,"segm_11","leuven3b_run1_segm.eaf"
36315,40136,3821,"segm_12","leuven3b_run1_segm.eaf"
40136,42821,2685,"segm_13","leuven3b_run1_segm.eaf"
42821,44505,1684,"segm_14","leuven3b_run1_segm.eaf"
44505,49189,4684,"segm_15","leuven3b_run1_segm.eaf"
49189,52926,3737,"segm_16","leuven3b_run1_segm.eaf"
52926,57178,4252,"segm_17","leuven3b_run1_segm.eaf"
57178,58347,1169,"segm_18","leuven3b_run1_segm.eaf"
58347,62273,3926,"segm_19","leuven3b_run1_segm.eaf"
62273,65136,2863,"segm_20","leuven3b_run1_segm.eaf"
65136,67947,2811,"segm_21","leuven3b_run1_segm.eaf"
70094,72178,2084,"segm_22","leuven3b_run1_segm.eaf"
72178,74294,2116,"segm_23","leuven3b_run1_segm.eaf"
80789,82210,1421,"segm_24","leuven3b_run1_segm.eaf"
84757,89768,5011,"segm_25","leuven3b_run1_segm.eaf"
92463,98431,5968,"segm_26","leuven3b_run1_segm.eaf"
98431,100673,2242,"segm_27","leuven3b_run1_segm.eaf"

8018,9150,1132,"segm_1","leuven3b_run2_segm.eaf"
9150,12037,2887,"segm_2","leuven3b_run2_segm.eaf"
12830,14849,2019,"segm_3","leuven3b_run2_segm.eaf"
14849,16188,1339,"segm_4","leuven3b_run2_segm.eaf"
16188,20018,3830,"segm_5","leuven3b_run2_segm.eaf"
24207,28226,4019,"segm_6","leuven3b_run2_segm.eaf"
28226,29264,1038,"segm_7","leuven3b_run2_segm.eaf"
29264,31756,2492,"segm_8","leuven3b_run2_segm.eaf"

570,1490,920,"segm_1","leuven4a_run1_segm.eaf"
4940,6550,1610,"segm_2","leuven4a_run1_segm.eaf"
6550,7647,1097,"segm_3","leuven4a_run1_segm.eaf"
7647,8846,1199,"segm_4","leuven4a_run1_segm.eaf"
13830,14345,515,"segm_5","leuven4a_run1_segm.eaf"
14345,16345,2000,"segm_6","leuven4a_run1_segm.eaf"
20985,22031,1046,"segm_7","leuven4a_run1_segm.eaf"
22031,23742,1711,"segm_8","leuven4a_run1_segm.eaf"
27036,28078,1042,"segm_9","leuven4a_run1_segm.eaf"
29286,29720,434,"segm_10","leuven4a_run1_segm.eaf"
31183,32014,831,"segm_11","leuven4a_run1_segm.eaf"
37602,38831,1229,"segm_12","leuven4a_run1_segm.eaf"
40676,41977,1301,"segm_13","leuven4a_run1_segm.eaf"
48477,51176,2699,"segm_14","leuven4a_run1_segm.eaf"
61911,65007,3096,"segm_15","leuven4a_run1_segm.eaf"
69845,72507,2662,"segm_16","leuven4a_run1_segm.eaf"
90573,93470,2897,"segm_17","leuven4a_run1_segm.eaf"
93470,94757,1287,"segm_18","leuven4a_run1_segm.eaf"
94757,97286,2529,"segm_19","leuven4a_run1_segm.eaf"
97286,99500,2214,"segm_20","leuven4a_run1_segm.eaf"
99500,101000,1500,"segm_21","leuven4a_run1_segm.eaf"
101000,101580,580,"segm_22","leuven4a_run1_segm.eaf"
101580,103199,1619,"segm_23","leuven4a_run1_segm.eaf"
110220,111025,805,"segm_24","leuven4a_run1_segm.eaf"

8930,11860,2930,"segm_1","leuven4a_run2_segm.eaf"
20650,22465,1815,"segm_2","leuven4a_run2_segm.eaf"
22465,23534,1069,"segm_3","leuven4a_run2_segm.eaf"
25139,26767,1628,"segm_4","leuven4a_run2_segm.eaf"
27673,29789,2116,"segm_5","leuven4a_run2_segm.eaf"
31162,32939,1777,"segm_6","leuven4a_run2_segm.eaf"
32939,34127,1188,"segm_7","leuven4a_run2_segm.eaf"
34127,36069,1942,"segm_8","leuven4a_run2_segm.eaf"
36069,37906,1837,"segm_9","leuven4a_run2_segm.eaf"
46278,48278,2000,"segm_10","leuven4a_run2_segm.eaf"
52081,52909,828,"segm_11","leuven4a_run2_segm.eaf"
52909,54552,1643,"segm_12","leuven4a_run2_segm.eaf"
54552,55441,889,"segm_13","leuven4a_run2_segm.eaf"
58174,60138,1964,"segm_14","leuven4a_run2_segm.eaf"
60138,63203,3065,"segm_15","leuven4a_run2_segm.eaf"
65226,66673,1447,"segm_16","leuven4a_run2_segm.eaf"
67580,69021,1441,"segm_17","leuven4a_run2_segm.eaf"
69800,71451,1651,"segm_18","leuven4a_run2_segm.eaf"
72866,74517,1651,"segm_19","leuven4a_run2_segm.eaf"
78720,82139,3419,"segm_20","leuven4a_run2_segm.eaf"
84011,85046,1035,"segm_21","leuven4a_run2_segm.eaf"
90185,95593,5408,"segm_22","leuven4a_run2_segm.eaf"
95593,97383,1790,"segm_23","leuven4a_run2_segm.eaf"
98929,103337,4408,"segm_24","leuven4a_run2_segm.eaf"
103337,105191,1854,"segm_25","leuven4a_run2_segm.eaf"
105191,107802,2611,"segm_26","leuven4a_run2_segm.eaf"
107802,108784,982,"segm_27","leuven4a_run2_segm.eaf"
110976,112517,1541,"segm_28","leuven4a_run2_segm.eaf"
112517,114162,1645,"segm_29","leuven4a_run2_segm.eaf"
115715,117604,1889,"segm_30","leuven4a_run2_segm.eaf"
119348,119970,622,"segm_31","leuven4a_run2_segm.eaf"

3081,4480,1399,"segm_1","leuven4b_run1_segm.eaf"
4960,6880,1920,"segm_2","leuven4b_run1_segm.eaf"
6880,8480,1600,"segm_3","leuven4b_run1_segm.eaf"
8480,10148,1668,"segm_4","leuven4b_run1_segm.eaf"
15520,18000,2480,"segm_5","leuven4b_run1_segm.eaf"
18010,20442,2432,"segm_6","leuven4b_run1_segm.eaf"
31160,35050,3890,"segm_7","leuven4b_run1_segm.eaf"
35050,37630,2580,"segm_8","leuven4b_run1_segm.eaf"
50180,51891,1711,"segm_9","leuven4b_run1_segm.eaf"
51891,60760,8869,"segm_10","leuven4b_run1_segm.eaf"
60760,62797,2037,"segm_11","leuven4b_run1_segm.eaf"
62797,68540,5743,"segm_12","leuven4b_run1_segm.eaf"
71560,74405,2845,"segm_13","leuven4b_run1_segm.eaf"
74405,76310,1905,"segm_14","leuven4b_run1_segm.eaf"
76310,79340,3030,"segm_15","leuven4b_run1_segm.eaf"
96280,97581,1301,"segm_16","leuven4b_run1_segm.eaf"
103689,105310,1621,"segm_17","leuven4b_run1_segm.eaf"
105310,106610,1300,"segm_18","leuven4b_run1_segm.eaf"
114060,116878,2818,"segm_19","leuven4b_run1_segm.eaf"

4034,5795,1761,"segm_1","leuven4b_run2_segm.eaf"
5795,7272,1477,"segm_2","leuven4b_run2_segm.eaf"
8920,10886,1966,"segm_3","leuven4b_run2_segm.eaf"
10886,13897,3011,"segm_4","leuven4b_run2_segm.eaf"
16215,17795,1580,"segm_5","leuven4b_run2_segm.eaf"
17795,19727,1932,"segm_6","leuven4b_run2_segm.eaf"
20636,22019,1383,"segm_7","leuven4b_run2_segm.eaf"
27886,29465,1579,"segm_8","leuven4b_run2_segm.eaf"
33193,34102,909,"segm_9","leuven4b_run2_segm.eaf"
34102,35477,1375,"segm_10","leuven4b_run2_segm.eaf"
38875,41762,2887,"segm_11","leuven4b_run2_segm.eaf"
41762,44238,2476,"segm_12","leuven4b_run2_segm.eaf"
44238,48165,3927,"segm_13","leuven4b_run2_segm.eaf"
51035,53380,2345,"segm_14","leuven4b_run2_segm.eaf"
58630,60107,1477,"segm_15","leuven4b_run2_segm.eaf"
68107,69380,1273,"segm_16","leuven4b_run2_segm.eaf"
69380,70583,1203,"segm_17","leuven4b_run2_segm.eaf"
75511,78023,2512,"segm_18","leuven4b_run2_segm.eaf"
95138,96829,1691,"segm_19","leuven4b_run2_segm.eaf"
100976,105190,4214,"segm_20","leuven4b_run2_segm.eaf"
107166,108285,1119,"segm_21","leuven4b_run2_segm.eaf"
109476,111892,2416,"segm_22","leuven4b_run2_segm.eaf"
111892,114476,2584,"segm_23","leuven4b_run2_segm.eaf"
125369,127000,1631,"segm_24","leuven4b_run2_segm.eaf"

28805,30972,2167,"segm_1","leuven5a_run1_segm.eaf"
31618,34441,2823,"segm_2","leuven5a_run1_segm.eaf"
37762,41193,3431,"segm_3","leuven5a_run1_segm.eaf"
41998,43998,2000,"segm_4","leuven5a_run1_segm.eaf"
49723,50651,928,"segm_5","leuven5a_run1_segm.eaf"
50651,53535,2884,"segm_6","leuven5a_run1_segm.eaf"
59387,60915,1528,"segm_7","leuven5a_run1_segm.eaf"
61692,65591,3899,"segm_8","leuven5a_run1_segm.eaf"
65591,68887,3296,"segm_9","leuven5a_run1_segm.eaf"
71499,73805,2306,"segm_10","leuven5a_run1_segm.eaf"

1450,3230,1780,"segm_1","leuven5a_run2_segm.eaf"
4318,5219,901,"segm_2","leuven5a_run2_segm.eaf"
5219,6263,1044,"segm_3","leuven5a_run2_segm.eaf"
7483,9274,1791,"segm_4","leuven5a_run2_segm.eaf"
9274,10956,1682,"segm_5","leuven5a_run2_segm.eaf"
10956,15967,5011,"segm_6","leuven5a_run2_segm.eaf"
15967,22065,6098,"segm_7","leuven5a_run2_segm.eaf"
22065,25065,3000,"segm_8","leuven5a_run2_segm.eaf"
25065,29395,4330,"segm_9","leuven5a_run2_segm.eaf"
29395,33230,3835,"segm_10","leuven5a_run2_segm.eaf"
33230,37802,4572,"segm_11","leuven5a_run2_segm.eaf"
37802,40197,2395,"segm_12","leuven5a_run2_segm.eaf"
40197,46956,6759,"segm_13","leuven5a_run2_segm.eaf"
46956,51186,4230,"segm_14","leuven5a_run2_segm.eaf"
51186,53021,1835,"segm_15","leuven5a_run2_segm.eaf"
53021,54450,1429,"segm_16","leuven5a_run2_segm.eaf"
54450,57329,2879,"segm_17","leuven5a_run2_segm.eaf"
57329,62439,5110,"segm_18","leuven5a_run2_segm.eaf"
62439,68571,6132,"segm_19","leuven5a_run2_segm.eaf"
68571,77329,8758,"segm_20","leuven5a_run2_segm.eaf"
79861,80972,1111,"segm_21","leuven5a_run2_segm.eaf"
80972,82416,1444,"segm_22","leuven5a_run2_segm.eaf"
82416,85000,2584,"segm_23","leuven5a_run2_segm.eaf"
85000,86940,1940,"segm_24","leuven5a_run2_segm.eaf"
86940,88535,1595,"segm_25","leuven5a_run2_segm.eaf"
88535,91952,3417,"segm_26","leuven5a_run2_segm.eaf"
93500,100035,6535,"segm_27","leuven5a_run2_segm.eaf"
100035,104202,4167,"segm_28","leuven5a_run2_segm.eaf"
104202,108130,3928,"segm_29","leuven5a_run2_segm.eaf"
108130,110440,2310,"segm_30","leuven5a_run2_segm.eaf"
110440,112190,1750,"segm_31","leuven5a_run2_segm.eaf"
112190,112845,655,"segm_32","leuven5a_run2_segm.eaf"
112845,114476,1631,"segm_33","leuven5a_run2_segm.eaf"
114476,115357,881,"segm_34","leuven5a_run2_segm.eaf"
117738,124285,6547,"segm_35","leuven5a_run2_segm.eaf"
124285,127000,2715,"segm_36","leuven5a_run2_segm.eaf"
130665,131974,1309,"segm_37","leuven5a_run2_segm.eaf"
131974,132717,743,"segm_38","leuven5a_run2_segm.eaf"
136390,138053,1663,"segm_39","leuven5a_run2_segm.eaf"
149953,151000,1047,"segm_40","leuven5a_run2_segm.eaf"
152226,154647,2421,"segm_41","leuven5a_run2_segm.eaf"
162031,164078,2047,"segm_42","leuven5a_run2_segm.eaf"
164312,165694,1382,"segm_43","leuven5a_run2_segm.eaf"

891,3675,2784,"segm_01","leuven5b_run1_segm.eaf"
3675,5961,2286,"segm_02","leuven5b_run1_segm.eaf"
7419,8773,1354,"segm_03","leuven5b_run1_segm.eaf"
8773,10632,1859,"segm_04","leuven5b_run1_segm.eaf"
10632,11229,597,"segm_05","leuven5b_run1_segm.eaf"
11229,12311,1082,"segm_06","leuven5b_run1_segm.eaf"
12311,14620,2309,"segm_07","leuven5b_run1_segm.eaf"
14620,16524,1904,"segm_08","leuven5b_run1_segm.eaf"
16524,18132,1608,"segm_09","leuven5b_run1_segm.eaf"
18132,20037,1905,"segm_10","leuven5b_run1_segm.eaf"
20037,25023,4986,"segm_11","leuven5b_run1_segm.eaf"
25023,27302,2279,"segm_12","leuven5b_run1_segm.eaf"
28614,29944,1330,"segm_13","leuven5b_run1_segm.eaf"
30348,32100,1752,"segm_14","leuven5b_run1_segm.eaf"
32100,32853,753,"segm_15","leuven5b_run1_segm.eaf"
32853,35330,2477,"segm_16","leuven5b_run1_segm.eaf"
35330,37559,2229,"segm_17","leuven5b_run1_segm.eaf"
37559,39752,2193,"segm_18","leuven5b_run1_segm.eaf"
39752,40532,780,"segm_19","leuven5b_run1_segm.eaf"
40532,41743,1211,"segm_20","leuven5b_run1_segm.eaf"
41743,43422,1679,"segm_21","leuven5b_run1_segm.eaf"
43422,44285,863,"segm_22","leuven5b_run1_segm.eaf"
44285,47649,3364,"segm_23","leuven5b_run1_segm.eaf"
49082,51715,2633,"segm_24","leuven5b_run1_segm.eaf"
51715,57091,5376,"segm_25","leuven5b_run1_segm.eaf"
57091,59688,2597,"segm_26","leuven5b_run1_segm.eaf"
60532,61724,1192,"segm_27","leuven5b_run1_segm.eaf"
61724,63908,2184,"segm_28","leuven5b_run1_segm.eaf"

2985,5656,2671,"segm_1","leuven5b_run2_segm.eaf"
5656,8701,3045,"segm_2","leuven5b_run2_segm.eaf"
8701,11865,3164,"segm_3","leuven5b_run2_segm.eaf"
11865,14834,2969,"segm_4","leuven5b_run2_segm.eaf"
14834,16779,1945,"segm_5","leuven5b_run2_segm.eaf"
16779,17441,662,"segm_6","leuven5b_run2_segm.eaf"
17441,18272,831,"segm_7","leuven5b_run2_segm.eaf"
18272,19732,1460,"segm_8","leuven5b_run2_segm.eaf"
19732,21649,1917,"segm_9","leuven5b_run2_segm.eaf"
21649,22368,719,"segm_10","leuven5b_run2_segm.eaf"
22368,24508,2140,"segm_11","leuven5b_run2_segm.eaf"
24508,27087,2579,"segm_12","leuven5b_run2_segm.eaf"
27087,27824,737,"segm_13","leuven5b_run2_segm.eaf"
27824,31438,3614,"segm_14","leuven5b_run2_segm.eaf"
31438,33526,2088,"segm_15","leuven5b_run2_segm.eaf"
33526,36456,2930,"segm_16","leuven5b_run2_segm.eaf"
36456,39978,3522,"segm_17","leuven5b_run2_segm.eaf"
39978,41666,1688,"segm_18","leuven5b_run2_segm.eaf"
41666,43192,1526,"segm_19","leuven5b_run2_segm.eaf"
43192,49228,6036,"segm_20","leuven5b_run2_segm.eaf"
49228,51543,2315,"segm_21","leuven5b_run2_segm.eaf"
51543,53035,1492,"segm_22","leuven5b_run2_segm.eaf"
54087,54584,497,"segm_23","leuven5b_run2_segm.eaf"
54584,55967,1383,"segm_24","leuven5b_run2_segm.eaf"
55967,56915,948,"segm_25","leuven5b_run2_segm.eaf"
56915,59058,2143,"segm_26","leuven5b_run2_segm.eaf"
59058,61675,2617,"segm_27","leuven5b_run2_segm.eaf"
61675,62889,1214,"segm_28","leuven5b_run2_segm.eaf"
62889,66071,3182,"segm_29","leuven5b_run2_segm.eaf"
66071,69688,3617,"segm_30","leuven5b_run2_segm.eaf"
69688,72642,2954,"segm_31","leuven5b_run2_segm.eaf"
72642,77805,5163,"segm_32","leuven5b_run2_segm.eaf"
77805,80519,2714,"segm_33","leuven5b_run2_segm.eaf"
80519,84051,3532,"segm_34","leuven5b_run2_segm.eaf"

1000,3720,2720,"segm_1","leuven6a_run1_segm.eaf"
3720,5600,1880,"segm_2","leuven6a_run1_segm.eaf"
7584,8813,1229,"segm_3","leuven6a_run1_segm.eaf"
8813,12550,3737,"segm_4","leuven6a_run1_segm.eaf"
12550,15652,3102,"segm_5","leuven6a_run1_segm.eaf"
15652,19440,3788,"segm_6","leuven6a_run1_segm.eaf"
21983,24144,2161,"segm_7","leuven6a_run1_segm.eaf"
24144,25406,1262,"segm_8","leuven6a_run1_segm.eaf"
26960,27860,900,"segm_9","leuven6a_run1_segm.eaf"
31906,38970,7064,"segm_10","leuven6a_run1_segm.eaf"
39483,41508,2025,"segm_11","leuven6a_run1_segm.eaf"
41508,46271,4763,"segm_12","leuven6a_run1_segm.eaf"
46271,48542,2271,"segm_13","leuven6a_run1_segm.eaf"
49677,53084,3407,"segm_14","leuven6a_run1_segm.eaf"
55216,56502,1286,"segm_15","leuven6a_run1_segm.eaf"
56502,57897,1395,"segm_16","leuven6a_run1_segm.eaf"
60580,62660,2080,"segm_17","leuven6a_run1_segm.eaf"

5012,6185,1173,"segm_1","leuven6a_run2_segm.eaf"
6185,7975,1790,"segm_2","leuven6a_run2_segm.eaf"
7975,9999,2024,"segm_3","leuven6a_run2_segm.eaf"
9999,15345,5346,"segm_4","leuven6a_run2_segm.eaf"
15345,22098,6753,"segm_5","leuven6a_run2_segm.eaf"
22098,23666,1568,"segm_6","leuven6a_run2_segm.eaf"
23666,29913,6247,"segm_7","leuven6a_run2_segm.eaf"
29913,37839,7926,"segm_8","leuven6a_run2_segm.eaf"
37839,43617,5778,"segm_9","leuven6a_run2_segm.eaf"
43617,46037,2420,"segm_10","leuven6a_run2_segm.eaf"
46037,50086,4049,"segm_11","leuven6a_run2_segm.eaf"
51654,60437,8783,"segm_12","leuven6a_run2_segm.eaf"
60437,65234,4797,"segm_13","leuven6a_run2_segm.eaf"
65234,67358,2124,"segm_14","leuven6a_run2_segm.eaf"
67358,74777,7419,"segm_15","leuven6a_run2_segm.eaf"
74777,77320,2543,"segm_16","leuven6a_run2_segm.eaf"
77320,79975,2655,"segm_17","leuven6a_run2_segm.eaf"
79975,81234,1259,"segm_18","leuven6a_run2_segm.eaf"
81234,92874,11640,"segm_19","leuven6a_run2_segm.eaf"
93506,101530,8024,"segm_20","leuven6a_run2_segm.eaf"
101530,102641,1111,"segm_21","leuven6a_run2_segm.eaf"
103975,105962,1987,"segm_22","leuven6a_run2_segm.eaf"
105962,125012,19050,"segm_23","leuven6a_run2_segm.eaf"
125012,129469,4457,"segm_24","leuven6a_run2_segm.eaf"
129469,141031,11562,"segm_25","leuven6a_run2_segm.eaf"
141031,142530,1499,"segm_26","leuven6a_run2_segm.eaf"
144308,145950,1642,"segm_27","leuven6a_run2_segm.eaf"
145950,147061,1111,"segm_28","leuven6a_run2_segm.eaf"
148481,149984,1503,"segm_29","leuven6a_run2_segm.eaf"
155406,156906,1500,"segm_30","leuven6a_run2_segm.eaf"

5531,8406,2875,"segm_1","leuven6b_run1_segm.eaf"
11582,17373,5791,"segm_2","leuven6b_run1_segm.eaf"
17373,19062,1689,"segm_3","leuven6b_run1_segm.eaf"
19062,21985,2923,"segm_4","leuven6b_run1_segm.eaf"
24718,28104,3386,"segm_5","leuven6b_run1_segm.eaf"
29746,31014,1268,"segm_6","leuven6b_run1_segm.eaf"
32000,33268,1268,"segm_7","leuven6b_run1_segm.eaf"
36218,37567,1349,"segm_8","leuven6b_run1_segm.eaf"
37567,39074,1507,"segm_9","leuven6b_run1_segm.eaf"
39417,41134,1717,"segm_10","leuven6b_run1_segm.eaf"
41134,43842,2708,"segm_11","leuven6b_run1_segm.eaf"
45592,47530,1938,"segm_12","leuven6b_run1_segm.eaf"
49171,50940,1769,"segm_13","leuven6b_run1_segm.eaf"
53656,55985,2329,"segm_14","leuven6b_run1_segm.eaf"
56608,58567,1959,"segm_15","leuven6b_run1_segm.eaf"
59139,60514,1375,"segm_16","leuven6b_run1_segm.eaf"

1526,2982,1456,"segm_1","leuven6b_run2_segm.eaf"
5520,6600,1080,"segm_2","leuven6b_run2_segm.eaf"
10385,16929,6544,"segm_3","leuven6b_run2_segm.eaf"
16929,18240,1311,"segm_4","leuven6b_run2_segm.eaf"
24011,26345,2334,"segm_5","leuven6b_run2_segm.eaf"
26940,28214,1274,"segm_6","leuven6b_run2_segm.eaf"
28800,32333,3533,"segm_7","leuven6b_run2_segm.eaf"
32333,52166,19833,"segm_8","leuven6b_run2_segm.eaf"
52166,53190,1024,"segm_9","leuven6b_run2_segm.eaf"
53976,56523,2547,"segm_10","leuven6b_run2_segm.eaf"
56523,61900,5377,"segm_11","leuven6b_run2_segm.eaf"
62476,63532,1056,"segm_12","leuven6b_run2_segm.eaf"
64060,64988,928,"segm_13","leuven6b_run2_segm.eaf"
69338,71805,2467,"segm_14","leuven6b_run2_segm.eaf"
72788,73957,1169,"segm_15","leuven6b_run2_segm.eaf"
73957,75338,1381,"segm_16","leuven6b_run2_segm.eaf"
75338,77449,2111,"segm_17","leuven6b_run2_segm.eaf"
78177,79847,1670,"segm_18","leuven6b_run2_segm.eaf"
79847,81177,1330,"segm_19","leuven6b_run2_segm.eaf"
82779,83550,771,"segm_20","leuven6b_run2_segm.eaf"

6340,9602,3262,"segm_1","leuven7a_run1_segm.eaf"
10655,13215,2560,"segm_2","leuven7a_run1_segm.eaf"
15329,17204,1875,"segm_3","leuven7a_run1_segm.eaf"
19954,21363,1409,"segm_4","leuven7a_run1_segm.eaf"
21363,23863,2500,"segm_5","leuven7a_run1_segm.eaf"
26125,30068,3943,"segm_6","leuven7a_run1_segm.eaf"
30068,33534,3466,"segm_7","leuven7a_run1_segm.eaf"
39670,41659,1989,"segm_8","leuven7a_run1_segm.eaf"
54379,62568,8189,"segm_9","leuven7a_run1_segm.eaf"
62568,63795,1227,"segm_10","leuven7a_run1_segm.eaf"
63795,72931,9136,"segm_11","leuven7a_run1_segm.eaf"
75223,79706,4483,"segm_12","leuven7a_run1_segm.eaf"
87522,89534,2012,"segm_13","leuven7a_run1_segm.eaf"
98227,99492,1265,"segm_14","leuven7a_run1_segm.eaf"
99492,101348,1856,"segm_15","leuven7a_run1_segm.eaf"
101348,101862,514,"segm_16","leuven7a_run1_segm.eaf"
101862,103431,1569,"segm_17","leuven7a_run1_segm.eaf"
121073,121880,807,"segm_18","leuven7a_run1_segm.eaf"
123541,124357,816,"segm_19","leuven7a_run1_segm.eaf"
124357,125642,1285,"segm_20","leuven7a_run1_segm.eaf"
125642,129192,3550,"segm_21","leuven7a_run1_segm.eaf"
130532,131834,1302,"segm_22","leuven7a_run1_segm.eaf"
133412,134440,1028,"segm_23","leuven7a_run1_segm.eaf"
134440,137871,3431,"segm_24","leuven7a_run1_segm.eaf"
138963,141788,2825,"segm_25","leuven7a_run1_segm.eaf"
142807,145706,2899,"segm_26","leuven7a_run1_segm.eaf"
145706,147995,2289,"segm_27","leuven7a_run1_segm.eaf"
147995,149684,1689,"segm_28","leuven7a_run1_segm.eaf"

3194,6311,3117,"segm_1","leuven7a_run2_segm.eaf"
9229,15623,6394,"segm_2","leuven7a_run2_segm.eaf"
15623,18798,3175,"segm_3","leuven7a_run2_segm.eaf"
18798,20727,1929,"segm_4","leuven7a_run2_segm.eaf"
20727,22253,1526,"segm_5","leuven7a_run2_segm.eaf"
22253,23798,1545,"segm_6","leuven7a_run2_segm.eaf"
23798,26045,2247,"segm_7","leuven7a_run2_segm.eaf"
26045,26883,838,"segm_8","leuven7a_run2_segm.eaf"
26883,31844,4961,"segm_9","leuven7a_run2_segm.eaf"
31844,33480,1636,"segm_10","leuven7a_run2_segm.eaf"
36253,38240,1987,"segm_11","leuven7a_run2_segm.eaf"
38240,40337,2097,"segm_12","leuven7a_run2_segm.eaf"
40337,41993,1656,"segm_13","leuven7a_run2_segm.eaf"
41993,44045,2052,"segm_14","leuven7a_run2_segm.eaf"
44045,46428,2383,"segm_15","leuven7a_run2_segm.eaf"
46428,47766,1338,"segm_16","leuven7a_run2_segm.eaf"
48162,50298,2136,"segm_17","leuven7a_run2_segm.eaf"
50298,53474,3176,"segm_18","leuven7a_run2_segm.eaf"
53474,55655,2181,"segm_19","leuven7a_run2_segm.eaf"
55655,58214,2559,"segm_20","leuven7a_run2_segm.eaf"
60603,68038,7435,"segm_21","leuven7a_run2_segm.eaf"
68038,71551,3513,"segm_22","leuven7a_run2_segm.eaf"
71551,74824,3273,"segm_23","leuven7a_run2_segm.eaf"
74824,81337,6513,"segm_24","leuven7a_run2_segm.eaf"
81337,83487,2150,"segm_25","leuven7a_run2_segm.eaf"
85922,92746,6824,"segm_26","leuven7a_run2_segm.eaf"
92746,96480,3734,"segm_27","leuven7a_run2_segm.eaf"
96480,99454,2974,"segm_28","leuven7a_run2_segm.eaf"
104922,110974,6052,"segm_29","leuven7a_run2_segm.eaf"
115454,119623,4169,"segm_30","leuven7a_run2_segm.eaf"
119623,126746,7123,"segm_31","leuven7a_run2_segm.eaf"

2932,6013,3081,"segm_1","leuven7b_run1_segm.eaf"
6013,7905,1892,"segm_2","leuven7b_run1_segm.eaf"
7905,10742,2837,"segm_3","leuven7b_run1_segm.eaf"
10742,13205,2463,"segm_4","leuven7b_run1_segm.eaf"
13205,15651,2446,"segm_5","leuven7b_run1_segm.eaf"
15651,18382,2731,"segm_6","leuven7b_run1_segm.eaf"
18382,22558,4176,"segm_7","leuven7b_run1_segm.eaf"
22558,24282,1724,"segm_8","leuven7b_run1_segm.eaf"
24282,27871,3589,"segm_9","leuven7b_run1_segm.eaf"
27871,31282,3411,"segm_10","leuven7b_run1_segm.eaf"
31282,34333,3051,"segm_11","leuven7b_run1_segm.eaf"
34333,39794,5461,"segm_12","leuven7b_run1_segm.eaf"
39794,42615,2821,"segm_13","leuven7b_run1_segm.eaf"
42615,44641,2026,"segm_14","leuven7b_run1_segm.eaf"
46051,47666,1615,"segm_15","leuven7b_run1_segm.eaf"
47666,49670,2004,"segm_16","leuven7b_run1_segm.eaf"
52160,54660,2500,"segm_17","leuven7b_run1_segm.eaf"
54660,56086,1426,"segm_18","leuven7b_run1_segm.eaf"
58520,66020,7500,"segm_19","leuven7b_run1_segm.eaf"
66020,68360,2340,"segm_20","leuven7b_run1_segm.eaf"
68360,72040,3680,"segm_21","leuven7b_run1_segm.eaf"
72040,73740,1700,"segm_22","leuven7b_run1_segm.eaf"
78020,79500,1480,"segm_23","leuven7b_run1_segm.eaf"
79500,81893,2393,"segm_24","leuven7b_run1_segm.eaf"
81893,85660,3767,"segm_25","leuven7b_run1_segm.eaf"
92320,93822,1502,"segm_26","leuven7b_run1_segm.eaf"
93822,97614,3792,"segm_27","leuven7b_run1_segm.eaf"
97614,101406,3792,"segm_28","leuven7b_run1_segm.eaf"
101406,107772,6366,"segm_29","leuven7b_run1_segm.eaf"
111554,114726,3172,"segm_30","leuven7b_run1_segm.eaf"

3402,7402,4000,"segm_1","leuven7b_run2_segm.eaf"
7402,14373,6971,"segm_2","leuven7b_run2_segm.eaf"
14373,17275,2902,"segm_3","leuven7b_run2_segm.eaf"
17275,19835,2560,"segm_4","leuven7b_run2_segm.eaf"
19835,23181,3346,"segm_5","leuven7b_run2_segm.eaf"
23181,27765,4584,"segm_6","leuven7b_run2_segm.eaf"
27765,33659,5894,"segm_7","leuven7b_run2_segm.eaf"
34839,42320,7481,"segm_8","leuven7b_run2_segm.eaf"
42320,45083,2763,"segm_9","leuven7b_run2_segm.eaf"
45083,49370,4287,"segm_10","leuven7b_run2_segm.eaf"
51259,59209,7950,"segm_11","leuven7b_run2_segm.eaf"
61358,68802,7444,"segm_12","leuven7b_run2_segm.eaf"
68802,73123,4321,"segm_13","leuven7b_run2_segm.eaf"
73123,74905,1782,"segm_14","leuven7b_run2_segm.eaf"
74905,82484,7579,"segm_15","leuven7b_run2_segm.eaf"
82484,83568,1084,"segm_16","leuven7b_run2_segm.eaf"
83568,84558,990,"segm_17","leuven7b_run2_segm.eaf"
84558,87046,2488,"segm_18","leuven7b_run2_segm.eaf"
87046,89412,2366,"segm_19","leuven7b_run2_segm.eaf"
89412,90255,843,"segm_20","leuven7b_run2_segm.eaf"
90255,91813,1558,"segm_21","leuven7b_run2_segm.eaf"
91813,94250,2437,"segm_22","leuven7b_run2_segm.eaf"
100226,103930,3704,"segm_23","leuven7b_run2_segm.eaf"
105982,107948,1966,"segm_24","leuven7b_run2_segm.eaf"
107948,109558,1610,"segm_25","leuven7b_run2_segm.eaf"
113125,115551,2426,"segm_26","leuven7b_run2_segm.eaf"

1814,7074,5260,"segm_1","leuven8a_run1_segm.eaf"
7074,10320,3246,"segm_2","leuven8a_run1_segm.eaf"
10320,14469,4149,"segm_3","leuven8a_run1_segm.eaf"
14469,17209,2740,"segm_4","leuven8a_run1_segm.eaf"
18222,21493,3271,"segm_5","leuven8a_run1_segm.eaf"
21493,24493,3000,"segm_6","leuven8a_run1_segm.eaf"
28456,30567,2111,"segm_7","leuven8a_run1_segm.eaf"
30567,33618,3051,"segm_8","leuven8a_run1_segm.eaf"
33618,34880,1262,"segm_9","leuven8a_run1_segm.eaf"
38194,39880,1686,"segm_10","leuven8a_run1_segm.eaf"
39880,40880,1000,"segm_11","leuven8a_run1_segm.eaf"
40880,44522,3642,"segm_12","leuven8a_run1_segm.eaf"
44522,46522,2000,"segm_13","leuven8a_run1_segm.eaf"
46522,48833,2311,"segm_14","leuven8a_run1_segm.eaf"
48833,50761,1928,"segm_15","leuven8a_run1_segm.eaf"
50761,52345,1584,"segm_16","leuven8a_run1_segm.eaf"
52345,53214,869,"segm_17","leuven8a_run1_segm.eaf"
53214,55345,2131,"segm_18","leuven8a_run1_segm.eaf"
59448,62867,3419,"segm_19","leuven8a_run1_segm.eaf"
62867,65306,2439,"segm_20","leuven8a_run1_segm.eaf"
66459,72489,6030,"segm_21","leuven8a_run1_segm.eaf"
72489,73500,1011,"segm_22","leuven8a_run1_segm.eaf"
73500,77316,3816,"segm_23","leuven8a_run1_segm.eaf"
77316,80030,2714,"segm_24","leuven8a_run1_segm.eaf"
80030,81826,1796,"segm_25","leuven8a_run1_segm.eaf"
84530,87367,2837,"segm_26","leuven8a_run1_segm.eaf"
92438,95775,3337,"segm_27","leuven8a_run1_segm.eaf"
95775,100132,4357,"segm_28","leuven8a_run1_segm.eaf"
100132,103061,2929,"segm_29","leuven8a_run1_segm.eaf"

860,4788,3928,"segm_1","leuven8a_run2_segm.eaf"
4788,9025,4237,"segm_2","leuven8a_run2_segm.eaf"
9025,12402,3377,"segm_3","leuven8a_run2_segm.eaf"
12402,14480,2078,"segm_4","leuven8a_run2_segm.eaf"
14480,15857,1377,"segm_5","leuven8a_run2_segm.eaf"
15857,17103,1246,"segm_6","leuven8a_run2_segm.eaf"
17103,23701,6598,"segm_7","leuven8a_run2_segm.eaf"
23701,31363,7662,"segm_8","leuven8a_run2_segm.eaf"
31363,37155,5792,"segm_9","leuven8a_run2_segm.eaf"
37155,44337,7182,"segm_10","leuven8a_run2_segm.eaf"
45896,49090,3194,"segm_11","leuven8a_run2_segm.eaf"
49090,54883,5793,"segm_12","leuven8a_run2_segm.eaf"
57636,60129,2493,"segm_13","leuven8a_run2_segm.eaf"
60129,62922,2793,"segm_14","leuven8a_run2_segm.eaf"
62922,66623,3701,"segm_15","leuven8a_run2_segm.eaf"
68012,71103,3091,"segm_16","leuven8a_run2_segm.eaf"
72441,75519,3078,"segm_17","leuven8a_run2_segm.eaf"
75519,80610,5091,"segm_18","leuven8a_run2_segm.eaf"
83324,85000,1676,"segm_19","leuven8a_run2_segm.eaf"
85000,89883,4883,"segm_20","leuven8a_run2_segm.eaf"
89883,95493,5610,"segm_21","leuven8a_run2_segm.eaf"
95493,99259,3766,"segm_22","leuven8a_run2_segm.eaf"
99259,104467,5208,"segm_23","leuven8a_run2_segm.eaf"
104467,105415,948,"segm_24","leuven8a_run2_segm.eaf"
105415,108571,3156,"segm_25","leuven8a_run2_segm.eaf"
118025,121389,3364,"segm_26","leuven8a_run2_segm.eaf"
121389,125220,3831,"segm_27","leuven8a_run2_segm.eaf"
125220,127038,1818,"segm_28","leuven8a_run2_segm.eaf"
127857,137142,9285,"segm_29","leuven8a_run2_segm.eaf"

5518,8814,3296,"segm_1","leuven8b_run1_segm.eaf"
8814,11901,3087,"segm_2","leuven8b_run1_segm.eaf"
11901,14620,2719,"segm_3","leuven8b_run1_segm.eaf"
14620,25555,10935,"segm_4","leuven8b_run1_segm.eaf"
25555,28283,2728,"segm_5","leuven8b_run1_segm.eaf"
28283,31024,2741,"segm_6","leuven8b_run1_segm.eaf"
31024,36604,5580,"segm_7","leuven8b_run1_segm.eaf"
36604,38086,1482,"segm_8","leuven8b_run1_segm.eaf"
38086,39333,1247,"segm_9","leuven8b_run1_segm.eaf"
39333,41234,1901,"segm_10","leuven8b_run1_segm.eaf"
41234,43864,2630,"segm_11","leuven8b_run1_segm.eaf"
43864,46061,2197,"segm_12","leuven8b_run1_segm.eaf"
46061,48159,2098,"segm_13","leuven8b_run1_segm.eaf"
51864,54024,2160,"segm_14","leuven8b_run1_segm.eaf"
55333,57419,2086,"segm_15","leuven8b_run1_segm.eaf"
57419,62074,4655,"segm_16","leuven8b_run1_segm.eaf"
66197,68382,2185,"segm_17","leuven8b_run1_segm.eaf"
68913,72074,3161,"segm_18","leuven8b_run1_segm.eaf"

5245,13456,8211,"segm_1","leuven8b_run2_segm.eaf"
13456,14982,1526,"segm_2","leuven8b_run2_segm.eaf"
14982,17807,2825,"segm_3","leuven8b_run2_segm.eaf"
17807,20140,2333,"segm_4","leuven8b_run2_segm.eaf"
22526,27859,5333,"segm_5","leuven8b_run2_segm.eaf"
27859,30596,2737,"segm_6","leuven8b_run2_segm.eaf"
30596,42842,12246,"segm_7","leuven8b_run2_segm.eaf"
45245,51192,5947,"segm_8","leuven8b_run2_segm.eaf"
51526,54052,2526,"segm_9","leuven8b_run2_segm.eaf"
62842,65701,2859,"segm_10","leuven8b_run2_segm.eaf"
65701,70122,4421,"segm_11","leuven8b_run2_segm.eaf"
70122,77948,7826,"segm_12","leuven8b_run2_segm.eaf"
80964,82157,1193,"segm_13","leuven8b_run2_segm.eaf"
82157,86210,4053,"segm_14","leuven8b_run2_segm.eaf"
86210,88149,1939,"segm_15","leuven8b_run2_segm.eaf"

3000,5571,2571,"segm_1","leuven9a_run1_segm.eaf"
5571,8525,2954,"segm_2","leuven9a_run1_segm.eaf"
8525,11831,3306,"segm_3","leuven9a_run1_segm.eaf"
13590,17136,3546,"segm_4","leuven9a_run1_segm.eaf"
17136,18194,1058,"segm_5","leuven9a_run1_segm.eaf"
18194,20487,2293,"segm_6","leuven9a_run1_segm.eaf"
20487,23597,3110,"segm_7","leuven9a_run1_segm.eaf"
23597,25798,2201,"segm_8","leuven9a_run1_segm.eaf"
27116,30292,3176,"segm_9","leuven9a_run1_segm.eaf"
30292,34681,4389,"segm_10","leuven9a_run1_segm.eaf"
34681,35727,1046,"segm_11","leuven9a_run1_segm.eaf"
35727,39077,3350,"segm_12","leuven9a_run1_segm.eaf"
39077,39824,747,"segm_13","leuven9a_run1_segm.eaf"
39824,41584,1760,"segm_14","leuven9a_run1_segm.eaf"
41584,43974,2390,"segm_15","leuven9a_run1_segm.eaf"
43974,44948,974,"segm_16","leuven9a_run1_segm.eaf"
44948,45941,993,"segm_17","leuven9a_run1_segm.eaf"
45941,46896,955,"segm_18","leuven9a_run1_segm.eaf"
47493,50487,2994,"segm_19","leuven9a_run1_segm.eaf"
50487,55009,4522,"segm_20","leuven9a_run1_segm.eaf"
55009,57508,2499,"segm_21","leuven9a_run1_segm.eaf"
58333,59100,767,"segm_22","leuven9a_run1_segm.eaf"
59100,64177,5077,"segm_23","leuven9a_run1_segm.eaf"
65733,66588,855,"segm_24","leuven9a_run1_segm.eaf"
69077,72177,3100,"segm_25","leuven9a_run1_segm.eaf"
72177,73888,1711,"segm_26","leuven9a_run1_segm.eaf"
73888,77755,3867,"segm_27","leuven9a_run1_segm.eaf"
77755,78855,1100,"segm_28","leuven9a_run1_segm.eaf"
78855,82633,3778,"segm_29","leuven9a_run1_segm.eaf"

5979,7030,1051,"segm_1","leuven9a_run2_segm.eaf"
8000,9687,1687,"segm_2","leuven9a_run2_segm.eaf"
9687,14111,4424,"segm_3","leuven9a_run2_segm.eaf"
14111,25555,11444,"segm_4","leuven9a_run2_segm.eaf"
25555,28913,3358,"segm_5","leuven9a_run2_segm.eaf"
28913,31027,2114,"segm_6","leuven9a_run2_segm.eaf"
31027,33077,2050,"segm_7","leuven9a_run2_segm.eaf"
33077,35025,1948,"segm_8","leuven9a_run2_segm.eaf"
35025,35722,697,"segm_9","leuven9a_run2_segm.eaf"
39181,40922,1741,"segm_10","leuven9a_run2_segm.eaf"
40922,42454,1532,"segm_11","leuven9a_run2_segm.eaf"
42454,44204,1750,"segm_12","leuven9a_run2_segm.eaf"
44204,46662,2458,"segm_13","leuven9a_run2_segm.eaf"
46662,50454,3792,"segm_14","leuven9a_run2_segm.eaf"
51779,58012,6233,"segm_15","leuven9a_run2_segm.eaf"
58012,63220,5208,"segm_16","leuven9a_run2_segm.eaf"

2802,5464,2662,"segm_1","leuven9b_run1_segm.eaf"
5464,7619,2155,"segm_2","leuven9b_run1_segm.eaf"
7619,8177,558,"segm_3","leuven9b_run1_segm.eaf"
8177,11112,2935,"segm_4","leuven9b_run1_segm.eaf"
11112,14845,3733,"segm_5","leuven9b_run1_segm.eaf"
14845,15605,760,"segm_6","leuven9b_run1_segm.eaf"
15605,18253,2648,"segm_7","leuven9b_run1_segm.eaf"
18253,19855,1602,"segm_8","leuven9b_run1_segm.eaf"
19855,24220,4365,"segm_9","leuven9b_run1_segm.eaf"
24220,29491,5271,"segm_10","leuven9b_run1_segm.eaf"
31118,32906,1788,"segm_11","leuven9b_run1_segm.eaf"
32906,35059,2153,"segm_12","leuven9b_run1_segm.eaf"
35059,38093,3034,"segm_13","leuven9b_run1_segm.eaf"
38093,42644,4551,"segm_14","leuven9b_run1_segm.eaf"
46610,48949,2339,"segm_15","leuven9b_run1_segm.eaf"
48949,50694,1745,"segm_16","leuven9b_run1_segm.eaf"
50694,52389,1695,"segm_17","leuven9b_run1_segm.eaf"
52389,55372,2983,"segm_18","leuven9b_run1_segm.eaf"
67388,68222,834,"segm_19","leuven9b_run1_segm.eaf"
68222,72388,4166,"segm_20","leuven9b_run1_segm.eaf"
72388,74666,2278,"segm_21","leuven9b_run1_segm.eaf"
74666,75277,611,"segm_22","leuven9b_run1_segm.eaf"
77666,78666,1000,"segm_23","leuven9b_run1_segm.eaf"

3486,5486,2000,"segm_1","leuven9b_run2_segm.eaf"
5486,8283,2797,"segm_2","leuven9b_run2_segm.eaf"
8283,9324,1041,"segm_3","leuven9b_run2_segm.eaf"
9324,10795,1471,"segm_4","leuven9b_run2_segm.eaf"
11540,13067,1527,"segm_5","leuven9b_run2_segm.eaf"
13067,15554,2487,"segm_6","leuven9b_run2_segm.eaf"
15554,17051,1497,"segm_7","leuven9b_run2_segm.eaf"
17051,18675,1624,"segm_8","leuven9b_run2_segm.eaf"
18675,19986,1311,"segm_9","leuven9b_run2_segm.eaf"
19986,21256,1270,"segm_10","leuven9b_run2_segm.eaf"
21256,24500,3244,"segm_11","leuven9b_run2_segm.eaf"
24500,29148,4648,"segm_12","leuven9b_run2_segm.eaf"
29148,31743,2595,"segm_13","leuven9b_run2_segm.eaf"
33459,38456,4997,"segm_14","leuven9b_run2_segm.eaf"
41148,43972,2824,"segm_15","leuven9b_run2_segm.eaf"
43972,47702,3730,"segm_16","leuven9b_run2_segm.eaf"
47702,49810,2108,"segm_17","leuven9b_run2_segm.eaf"
49810,51540,1730,"segm_18","leuven9b_run2_segm.eaf"
51540,53364,1824,"segm_19","leuven9b_run2_segm.eaf"
53364,55000,1636,"segm_20","leuven9b_run2_segm.eaf"
55000,58189,3189,"segm_21","leuven9b_run2_segm.eaf"
59500,62675,3175,"segm_22","leuven9b_run2_segm.eaf"
62675,66675,4000,"segm_23","leuven9b_run2_segm.eaf"
66675,68162,1487,"segm_24","leuven9b_run2_segm.eaf"

8833,10369,1536,"segm_1","leuven11a_run1_segm.eaf"
10369,13371,3002,"segm_2","leuven11a_run1_segm.eaf"
15239,18239,3000,"segm_3","leuven11a_run1_segm.eaf"
18391,21045,2654,"segm_4","leuven11a_run1_segm.eaf"
26750,28059,1309,"segm_5","leuven11a_run1_segm.eaf"
28059,29535,1476,"segm_6","leuven11a_run1_segm.eaf"
36567,39055,2488,"segm_7","leuven11a_run1_segm.eaf"
42650,46221,3571,"segm_8","leuven11a_run1_segm.eaf"
46221,48707,2486,"segm_9","leuven11a_run1_segm.eaf"
48985,51092,2107,"segm_10","leuven11a_run1_segm.eaf"
52428,55014,2586,"segm_11","leuven11a_run1_segm.eaf"
55014,56257,1243,"segm_12","leuven11a_run1_segm.eaf"
56257,57171,914,"segm_13","leuven11a_run1_segm.eaf"
60571,64864,4293,"segm_14","leuven11a_run1_segm.eaf"
123450,127035,3585,"segm_15","leuven11a_run1_segm.eaf"
127150,128664,1514,"segm_16","leuven11a_run1_segm.eaf"
137350,139621,2271,"segm_17","leuven11a_run1_segm.eaf"
141700,143342,1642,"segm_18","leuven11a_run1_segm.eaf"
143342,144550,1208,"segm_19","leuven11a_run1_segm.eaf"
144614,146621,2007,"segm_20","leuven11a_run1_segm.eaf"

5779,7272,1493,"segm_1","leuven11a_run2_segm.eaf"
9064,11012,1948,"segm_2","leuven11a_run2_segm.eaf"
13987,16428,2441,"segm_3","leuven11a_run2_segm.eaf"
18259,20844,2585,"segm_4","leuven11a_run2_segm.eaf"
22948,26532,3584,"segm_5","leuven11a_run2_segm.eaf"
26532,28311,1779,"segm_6","leuven11a_run2_segm.eaf"
31961,34129,2168,"segm_7","leuven11a_run2_segm.eaf"
35727,40896,5169,"segm_8","leuven11a_run2_segm.eaf"
41116,42402,1286,"segm_9","leuven11a_run2_segm.eaf"
42402,48129,5727,"segm_10","leuven11a_run2_segm.eaf"
48129,50766,2637,"segm_11","leuven11a_run2_segm.eaf"
55090,57506,2416,"segm_12","leuven11a_run2_segm.eaf"
57506,59103,1597,"segm_13","leuven11a_run2_segm.eaf"
59103,59792,689,"segm_14","leuven11a_run2_segm.eaf"
59792,60415,623,"segm_15","leuven11a_run2_segm.eaf"
61662,62532,870,"segm_16","leuven11a_run2_segm.eaf"
81597,83376,1779,"segm_17","leuven11a_run2_segm.eaf"
99220,100350,1130,"segm_18","leuven11a_run2_segm.eaf"
103350,108896,5546,"segm_19","leuven11a_run2_segm.eaf"
108896,111740,2844,"segm_20","leuven11a_run2_segm.eaf"

2767,4073,1306,"segm_1","leuven11b_run1_segm.eaf"
5581,6558,977,"segm_2","leuven11b_run1_segm.eaf"
8930,14325,5395,"segm_3","leuven11b_run1_segm.eaf"
14325,16418,2093,"segm_4","leuven11b_run1_segm.eaf"
16418,18325,1907,"segm_5","leuven11b_run1_segm.eaf"
18325,20465,2140,"segm_6","leuven11b_run1_segm.eaf"
20465,21941,1476,"segm_7","leuven11b_run1_segm.eaf"
28500,32198,3698,"segm_8","leuven11b_run1_segm.eaf"
45823,46816,993,"segm_9","leuven11b_run1_segm.eaf"
48581,49837,1256,"segm_10","leuven11b_run1_segm.eaf"
53128,54772,1644,"segm_11","leuven11b_run1_segm.eaf"
54772,55595,823,"segm_12","leuven11b_run1_segm.eaf"
76534,78092,1558,"segm_13","leuven11b_run1_segm.eaf"

5266,5983,717,"segm_1","leuven11b_run2_segm.eaf"
5983,6849,866,"segm_2","leuven11b_run2_segm.eaf"
6849,8283,1434,"segm_3","leuven11b_run2_segm.eaf"
8283,9753,1470,"segm_4","leuven11b_run2_segm.eaf"
9753,10572,819,"segm_5","leuven11b_run2_segm.eaf"
10572,12100,1528,"segm_6","leuven11b_run2_segm.eaf"
12100,13083,983,"segm_7","leuven11b_run2_segm.eaf"
13083,13716,633,"segm_8","leuven11b_run2_segm.eaf"
13716,14487,771,"segm_9","leuven11b_run2_segm.eaf"
14487,15866,1379,"segm_10","leuven11b_run2_segm.eaf"
17533,20483,2950,"segm_11","leuven11b_run2_segm.eaf"
20483,24000,3517,"segm_12","leuven11b_run2_segm.eaf"
25883,26833,950,"segm_13","leuven11b_run2_segm.eaf"
28699,31349,2650,"segm_14","leuven11b_run2_segm.eaf"
34200,35416,1216,"segm_15","leuven11b_run2_segm.eaf"
37916,41516,3600,"segm_16","leuven11b_run2_segm.eaf"
45326,46750,1424,"segm_17","leuven11b_run2_segm.eaf"
46750,49383,2633,"segm_18","leuven11b_run2_segm.eaf"
80716,81483,767,"segm_19","leuven11b_run2_segm.eaf"
83050,84066,1016,"segm_20","leuven11b_run2_segm.eaf"
84066,84716,650,"segm_21","leuven11b_run2_segm.eaf"
84716,87400,2684,"segm_22","leuven11b_run2_segm.eaf"
90300,92383,2083,"segm_23","leuven11b_run2_segm.eaf"
95283,97950,2667,"segm_24","leuven11b_run2_segm.eaf"
97950,100300,2350,"segm_25","leuven11b_run2_segm.eaf"

1370,3270,1900,"segm_1","leuven12a_run1_segm.eaf"
5100,9250,4150,"segm_2","leuven12a_run1_segm.eaf"
9250,13310,4060,"segm_3","leuven12a_run1_segm.eaf"
18370,22840,4470,"segm_4","leuven12a_run1_segm.eaf"
42310,47676,5366,"segm_5","leuven12a_run1_segm.eaf"

8312,10657,2345,"segm_1","leuven12a_run2_segm.eaf"
13781,15000,1219,"segm_2","leuven12a_run2_segm.eaf"
26281,31342,5061,"segm_3","leuven12a_run2_segm.eaf"
34406,36468,2062,"segm_4","leuven12a_run2_segm.eaf"
60562,62311,1749,"segm_5","leuven12a_run2_segm.eaf"

1975,3477,1502,"segm_1","leuven12b_run1_segm.eaf"
4827,7629,2802,"segm_2","leuven12b_run1_segm.eaf"
7629,11160,3531,"segm_3","leuven12b_run1_segm.eaf"
12604,14703,2099,"segm_4","leuven12b_run1_segm.eaf"
14703,17061,2358,"segm_5","leuven12b_run1_segm.eaf"
17654,24069,6415,"segm_6","leuven12b_run1_segm.eaf"
26160,28679,2519,"segm_7","leuven12b_run1_segm.eaf"
28679,30787,2108,"segm_8","leuven12b_run1_segm.eaf"
33493,35160,1667,"segm_9","leuven12b_run1_segm.eaf"
43617,44765,1148,"segm_10","leuven12b_run1_segm.eaf"
48518,52567,4049,"segm_11","leuven12b_run1_segm.eaf"
52925,54282,1357,"segm_12","leuven12b_run1_segm.eaf"
61987,66012,4025,"segm_13","leuven12b_run1_segm.eaf"
68913,70432,1519,"segm_14","leuven12b_run1_segm.eaf"

7013,8500,1487,"segm_1","leuven12b_run2_segm.eaf"
8500,10171,1671,"segm_2","leuven12b_run2_segm.eaf"
12040,15081,3041,"segm_3","leuven12b_run2_segm.eaf"
16067,17459,1392,"segm_4","leuven12b_run2_segm.eaf"
17459,22405,4946,"segm_5","leuven12b_run2_segm.eaf"
24810,27189,2379,"segm_6","leuven12b_run2_segm.eaf"
28243,30121,1878,"segm_7","leuven12b_run2_segm.eaf"
30121,32398,2277,"segm_8","leuven12b_run2_segm.eaf"
32398,33229,831,"segm_9","leuven12b_run2_segm.eaf"
33229,35432,2203,"segm_10","leuven12b_run2_segm.eaf"
35918,37486,1568,"segm_11","leuven12b_run2_segm.eaf"
37486,38779,1293,"segm_12","leuven12b_run2_segm.eaf"
38779,40008,1229,"segm_13","leuven12b_run2_segm.eaf"
40008,42452,2444,"segm_14","leuven12b_run2_segm.eaf"
45690,49943,4253,"segm_15","leuven12b_run2_segm.eaf"
52197,53450,1253,"segm_16","leuven12b_run2_segm.eaf"

5199,7866,2667,"segm_1","luik1a_run1_segm.eaf"
7866,9783,1917,"segm_2","luik1a_run1_segm.eaf"
9783,14183,4400,"segm_3","luik1a_run1_segm.eaf"
15174,18110,2936,"segm_4","luik1a_run1_segm.eaf"
18110,19917,1807,"segm_5","luik1a_run1_segm.eaf"
19917,20954,1037,"segm_6","luik1a_run1_segm.eaf"
20954,24495,3541,"segm_7","luik1a_run1_segm.eaf"
24495,26192,1697,"segm_8","luik1a_run1_segm.eaf"
26192,27926,1734,"segm_9","luik1a_run1_segm.eaf"
28201,31082,2881,"segm_10","luik1a_run1_segm.eaf"
31082,37908,6826,"segm_11","luik1a_run1_segm.eaf"
37908,40082,2174,"segm_12","luik1a_run1_segm.eaf"
43064,46825,3761,"segm_13","luik1a_run1_segm.eaf"

3513,5097,1584,"segm_1","luik1a_run2_segm.eaf"
5251,6916,1665,"segm_2","luik1a_run2_segm.eaf"
6916,8768,1852,"segm_3","luik1a_run2_segm.eaf"
8768,11016,2248,"segm_4","luik1a_run2_segm.eaf"
12912,13744,832,"segm_5","luik1a_run2_segm.eaf"
13744,14869,1125,"segm_6","luik1a_run2_segm.eaf"
14869,15526,657,"segm_7","luik1a_run2_segm.eaf"
15526,16486,960,"segm_8","luik1a_run2_segm.eaf"
16486,19352,2866,"segm_9","luik1a_run2_segm.eaf"
19352,20262,910,"segm_10","luik1a_run2_segm.eaf"
20262,21847,1585,"segm_11","luik1a_run2_segm.eaf"
21847,24372,2525,"segm_12","luik1a_run2_segm.eaf"
24372,25889,1517,"segm_13","luik1a_run2_segm.eaf"
25889,26822,933,"segm_14","luik1a_run2_segm.eaf"
26822,29077,2255,"segm_15","luik1a_run2_segm.eaf"
29077,33098,4021,"segm_16","luik1a_run2_segm.eaf"
34122,34906,784,"segm_17","luik1a_run2_segm.eaf"
35569,38720,3151,"segm_18","luik1a_run2_segm.eaf"

1191,5482,4291,"segm_1","luik1b_run1_segm.eaf"
5482,6174,692,"segm_2","luik1b_run1_segm.eaf"
6174,10191,4017,"segm_3","luik1b_run1_segm.eaf"
10191,11505,1314,"segm_4","luik1b_run1_segm.eaf"
11505,13534,2029,"segm_5","luik1b_run1_segm.eaf"
13534,15813,2279,"segm_6","luik1b_run1_segm.eaf"
15813,16755,942,"segm_7","luik1b_run1_segm.eaf"
16755,19990,3235,"segm_8","luik1b_run1_segm.eaf"
19990,24005,4015,"segm_9","luik1b_run1_segm.eaf"
24005,26104,2099,"segm_10","luik1b_run1_segm.eaf"
26104,29302,3198,"segm_11","luik1b_run1_segm.eaf"
31220,42587,11367,"segm_12","luik1b_run1_segm.eaf"
42587,43767,1180,"segm_13","luik1b_run1_segm.eaf"
50058,51412,1354,"segm_14","luik1b_run1_segm.eaf"
52051,53452,1401,"segm_15","luik1b_run1_segm.eaf"
54680,57569,2889,"segm_16","luik1b_run1_segm.eaf"
57569,59290,1721,"segm_17","luik1b_run1_segm.eaf"
59290,61505,2215,"segm_18","luik1b_run1_segm.eaf"
61505,63261,1756,"segm_19","luik1b_run1_segm.eaf"
63261,65248,1987,"segm_20","luik1b_run1_segm.eaf"
68656,69766,1110,"segm_21","luik1b_run1_segm.eaf"
69766,70874,1108,"segm_22","luik1b_run1_segm.eaf"

4084,14663,10579,"segm_1","luik1b_run2_segm.eaf"
14663,18168,3505,"segm_2","luik1b_run2_segm.eaf"
18327,23692,5365,"segm_3","luik1b_run2_segm.eaf"
23692,26799,3107,"segm_4","luik1b_run2_segm.eaf"
28098,30549,2451,"segm_5","luik1b_run2_segm.eaf"
32381,37117,4736,"segm_6","luik1b_run2_segm.eaf"
39012,41922,2910,"segm_7","luik1b_run2_segm.eaf"
41922,45688,3766,"segm_8","luik1b_run2_segm.eaf"
45688,49966,4278,"segm_9","luik1b_run2_segm.eaf"
51967,54418,2451,"segm_10","luik1b_run2_segm.eaf"
54418,56145,1727,"segm_11","luik1b_run2_segm.eaf"
56145,58250,2105,"segm_12","luik1b_run2_segm.eaf"
58250,60122,1872,"segm_13","luik1b_run2_segm.eaf"
60497,61631,1134,"segm_14","luik1b_run2_segm.eaf"
62673,63725,1052,"segm_15","luik1b_run2_segm.eaf"
64820,66119,1299,"segm_16","luik1b_run2_segm.eaf"

592,2972,2380,"segm_1","luik2a_run1_segm.eaf"
2972,4008,1036,"segm_2","luik2a_run1_segm.eaf"
4008,5478,1470,"segm_3","luik2a_run1_segm.eaf"
5478,7516,2038,"segm_4","luik2a_run1_segm.eaf"
7516,10886,3370,"segm_5","luik2a_run1_segm.eaf"
10886,12062,1176,"segm_6","luik2a_run1_segm.eaf"
12062,14108,2046,"segm_7","luik2a_run1_segm.eaf"
14908,17544,2636,"segm_8","luik2a_run1_segm.eaf"
17544,22132,4588,"segm_9","luik2a_run1_segm.eaf"
23254,28949,5695,"segm_10","luik2a_run1_segm.eaf"
28949,31188,2239,"segm_11","luik2a_run1_segm.eaf"
31188,36811,5623,"segm_12","luik2a_run1_segm.eaf"
36811,41991,5180,"segm_13","luik2a_run1_segm.eaf"
41991,45917,3926,"segm_14","luik2a_run1_segm.eaf"
48344,52377,4033,"segm_15","luik2a_run1_segm.eaf"
52377,54219,1842,"segm_16","luik2a_run1_segm.eaf"

1051,3030,1979,"segm_1","luik2a_run2_segm.eaf"
3030,7744,4714,"segm_2","luik2a_run2_segm.eaf"
7744,16693,8949,"segm_3","luik2a_run2_segm.eaf"
16693,18581,1888,"segm_4","luik2a_run2_segm.eaf"
18581,21755,3174,"segm_5","luik2a_run2_segm.eaf"
21755,26183,4428,"segm_6","luik2a_run2_segm.eaf"
26183,29806,3623,"segm_7","luik2a_run2_segm.eaf"
29806,32081,2275,"segm_8","luik2a_run2_segm.eaf"
32081,33469,1388,"segm_9","luik2a_run2_segm.eaf"
33469,35530,2061,"segm_10","luik2a_run2_segm.eaf"
35530,39234,3704,"segm_11","luik2a_run2_segm.eaf"
39234,41327,2093,"segm_12","luik2a_run2_segm.eaf"
42755,45214,2459,"segm_13","luik2a_run2_segm.eaf"
45214,47122,1908,"segm_14","luik2a_run2_segm.eaf"

1875,4455,2580,"segm_1","luik2b_run1_segm.eaf"
4455,5492,1037,"segm_2","luik2b_run1_segm.eaf"
5492,7904,2412,"segm_3","luik2b_run1_segm.eaf"
7904,9397,1493,"segm_4","luik2b_run1_segm.eaf"
9397,11007,1610,"segm_5","luik2b_run1_segm.eaf"
11007,12551,1544,"segm_6","luik2b_run1_segm.eaf"
12551,13404,853,"segm_7","luik2b_run1_segm.eaf"
13404,20294,6890,"segm_8","luik2b_run1_segm.eaf"
20294,22860,2566,"segm_9","luik2b_run1_segm.eaf"
22860,24645,1785,"segm_10","luik2b_run1_segm.eaf"
24645,28073,3428,"segm_11","luik2b_run1_segm.eaf"
28073,29869,1796,"segm_12","luik2b_run1_segm.eaf"
29869,31120,1251,"segm_13","luik2b_run1_segm.eaf"
31120,32935,1815,"segm_14","luik2b_run1_segm.eaf"
32935,35245,2310,"segm_15","luik2b_run1_segm.eaf"
35245,36555,1310,"segm_16","luik2b_run1_segm.eaf"
36555,39583,3028,"segm_17","luik2b_run1_segm.eaf"
39583,45163,5580,"segm_18","luik2b_run1_segm.eaf"
45163,48837,3674,"segm_19","luik2b_run1_segm.eaf"
48837,51151,2314,"segm_20","luik2b_run1_segm.eaf"

2957,3757,800,"segm_1","luik2b_run2_segm.eaf"
3757,8207,4450,"segm_2","luik2b_run2_segm.eaf"
8207,9550,1343,"segm_3","luik2b_run2_segm.eaf"
9550,14485,4935,"segm_4","luik2b_run2_segm.eaf"
14485,15657,1172,"segm_5","luik2b_run2_segm.eaf"
15657,19221,3564,"segm_6","luik2b_run2_segm.eaf"
19221,22735,3514,"segm_7","luik2b_run2_segm.eaf"
22735,26307,3572,"segm_8","luik2b_run2_segm.eaf"
26307,28114,1807,"segm_9","luik2b_run2_segm.eaf"
28114,31395,3281,"segm_10","luik2b_run2_segm.eaf"
31395,34308,2913,"segm_11","luik2b_run2_segm.eaf"
34308,37345,3037,"segm_12","luik2b_run2_segm.eaf"
37345,41370,4025,"segm_13","luik2b_run2_segm.eaf"
41370,42345,975,"segm_14","luik2b_run2_segm.eaf"
42345,45481,3136,"segm_15","luik2b_run2_segm.eaf"
45481,47530,2049,"segm_16","luik2b_run2_segm.eaf"
47530,50999,3469,"segm_17","luik2b_run2_segm.eaf"
50999,53222,2223,"segm_18","luik2b_run2_segm.eaf"
53222,54716,1494,"segm_19","luik2b_run2_segm.eaf"
54716,59345,4629,"segm_20","luik2b_run2_segm.eaf"
59345,60395,1050,"segm_21","luik2b_run2_segm.eaf"
60395,64530,4135,"segm_22","luik2b_run2_segm.eaf"
64530,66391,1861,"segm_23","luik2b_run2_segm.eaf"
66391,70049,3658,"segm_24","luik2b_run2_segm.eaf"
70049,76506,6457,"segm_25","luik2b_run2_segm.eaf"
76506,80802,4296,"segm_26","luik2b_run2_segm.eaf"
80802,85283,4481,"segm_27","luik2b_run2_segm.eaf"

1662,3337,1675,"segm_1","luik3a_run1_segm.eaf"
3337,5447,2110,"segm_2","luik3a_run1_segm.eaf"
8337,11651,3314,"segm_3","luik3a_run1_segm.eaf"
12715,21119,8404,"segm_4","luik3a_run1_segm.eaf"
21596,22871,1275,"segm_5","luik3a_run1_segm.eaf"
22871,24935,2064,"segm_6","luik3a_run1_segm.eaf"
24935,25899,964,"segm_7","luik3a_run1_segm.eaf"
25899,27688,1789,"segm_8","luik3a_run1_segm.eaf"
27688,29453,1765,"segm_9","luik3a_run1_segm.eaf"
29453,31162,1709,"segm_10","luik3a_run1_segm.eaf"
31162,32802,1640,"segm_11","luik3a_run1_segm.eaf"
32802,34532,1730,"segm_12","luik3a_run1_segm.eaf"
34532,36349,1817,"segm_13","luik3a_run1_segm.eaf"
36349,39600,3251,"segm_14","luik3a_run1_segm.eaf"
39600,46157,6557,"segm_15","luik3a_run1_segm.eaf"
46157,49147,2990,"segm_16","luik3a_run1_segm.eaf"
49147,51349,2202,"segm_17","luik3a_run1_segm.eaf"
52359,53837,1478,"segm_18","luik3a_run1_segm.eaf"

6826,8347,1521,"segm_1","luik3a_run2_segm.eaf"
9259,11276,2017,"segm_2","luik3a_run2_segm.eaf"
14530,17612,3082,"segm_3","luik3a_run2_segm.eaf"
17612,18785,1173,"segm_4","luik3a_run2_segm.eaf"
18785,19673,888,"segm_5","luik3a_run2_segm.eaf"
19673,22020,2347,"segm_6","luik3a_run2_segm.eaf"
24163,26760,2597,"segm_7","luik3a_run2_segm.eaf"
26760,29000,2240,"segm_8","luik3a_run2_segm.eaf"
29000,30195,1195,"segm_9","luik3a_run2_segm.eaf"
30195,32434,2239,"segm_10","luik3a_run2_segm.eaf"
32434,32847,413,"segm_11","luik3a_run2_segm.eaf"
32847,34304,1457,"segm_12","luik3a_run2_segm.eaf"
35434,36326,892,"segm_13","luik3a_run2_segm.eaf"
36326,40173,3847,"segm_14","luik3a_run2_segm.eaf"
45043,47152,2109,"segm_15","luik3a_run2_segm.eaf"
52043,53602,1559,"segm_16","luik3a_run2_segm.eaf"
53602,54021,419,"segm_17","luik3a_run2_segm.eaf"

8211,12880,4669,"segm_1","luik3b_run1_segm.eaf"
14642,15816,1174,"segm_2","luik3b_run1_segm.eaf"
15816,17449,1633,"segm_3","luik3b_run1_segm.eaf"
24146,26229,2083,"segm_4","luik3b_run1_segm.eaf"
26229,29816,3587,"segm_5","luik3b_run1_segm.eaf"

1935,3097,1162,"segm_1","luik3b_run2_segm.eaf"
5357,11064,5707,"segm_2","luik3b_run2_segm.eaf"
11064,12831,1767,"segm_3","luik3b_run2_segm.eaf"
12831,14162,1331,"segm_4","luik3b_run2_segm.eaf"
14162,15592,1430,"segm_5","luik3b_run2_segm.eaf"
16376,17785,1409,"segm_6","luik3b_run2_segm.eaf"
17785,18597,812,"segm_7","luik3b_run2_segm.eaf"
20870,26857,5987,"segm_8","luik3b_run2_segm.eaf"
29655,33136,3481,"segm_9","luik3b_run2_segm.eaf"
36090,37870,1780,"segm_10","luik3b_run2_segm.eaf"
38610,39487,877,"segm_11","luik3b_run2_segm.eaf"
43889,48600,4711,"segm_12","luik3b_run2_segm.eaf"

2944,5444,2500,"segm_1","luik4a_run1_segm.eaf"
5444,7844,2400,"segm_2","luik4a_run1_segm.eaf"
7844,9988,2144,"segm_3","luik4a_run1_segm.eaf"
9988,10955,967,"segm_4","luik4a_run1_segm.eaf"
14722,15788,1066,"segm_5","luik4a_run1_segm.eaf"
15788,22222,6434,"segm_6","luik4a_run1_segm.eaf"
22222,25000,2778,"segm_7","luik4a_run1_segm.eaf"
31933,34155,2222,"segm_8","luik4a_run1_segm.eaf"
37833,38433,600,"segm_9","luik4a_run1_segm.eaf"
40733,46022,5289,"segm_10","luik4a_run1_segm.eaf"
46022,48791,2769,"segm_11","luik4a_run1_segm.eaf"
49166,52155,2989,"segm_12","luik4a_run1_segm.eaf"

4977,6725,1748,"segm_1","luik4a_run2_segm.eaf"
16000,19301,3301,"segm_2","luik4a_run2_segm.eaf"
19301,20808,1507,"segm_3","luik4a_run2_segm.eaf"
21584,23269,1685,"segm_4","luik4a_run2_segm.eaf"
23269,24042,773,"segm_5","luik4a_run2_segm.eaf"
31728,34415,2687,"segm_6","luik4a_run2_segm.eaf"
34415,36050,1635,"segm_7","luik4a_run2_segm.eaf"
38347,41127,2780,"segm_8","luik4a_run2_segm.eaf"
41127,43016,1889,"segm_9","luik4a_run2_segm.eaf"
45610,48440,2830,"segm_10","luik4a_run2_segm.eaf"
48440,50579,2139,"segm_11","luik4a_run2_segm.eaf"

1613,4761,3148,"segm_1","luik4b_run1_segm.eaf"
6988,7500,512,"segm_2","luik4b_run1_segm.eaf"
7784,10227,2443,"segm_3","luik4b_run1_segm.eaf"
16385,17760,1375,"segm_4","luik4b_run1_segm.eaf"
21261,22784,1523,"segm_5","luik4b_run1_segm.eaf"
23135,24669,1534,"segm_6","luik4b_run1_segm.eaf"

4214,5440,1226,"segm_1","luik4b_run2_segm.eaf"
5440,6309,869,"segm_2","luik4b_run2_segm.eaf"
6309,8130,1821,"segm_3","luik4b_run2_segm.eaf"
8130,11345,3215,"segm_4","luik4b_run2_segm.eaf"
15071,15904,833,"segm_5","luik4b_run2_segm.eaf"
16517,17767,1250,"segm_6","luik4b_run2_segm.eaf"
19232,20593,1361,"segm_7","luik4b_run2_segm.eaf"
20994,21848,854,"segm_8","luik4b_run2_segm.eaf"
24202,26180,1978,"segm_9","luik4b_run2_segm.eaf"
31319,32521,1202,"segm_10","luik4b_run2_segm.eaf"
33813,34744,931,"segm_11","luik4b_run2_segm.eaf"
36959,38360,1401,"segm_12","luik4b_run2_segm.eaf"
41459,42888,1429,"segm_13","luik4b_run2_segm.eaf"
44290,45593,1303,"segm_14","luik4b_run2_segm.eaf"

2525,4376,1851,"segm__1","luik5a_run1_segm.eaf"
5175,7870,2695,"segm__2","luik5a_run1_segm.eaf"
7870,10071,2201,"segm__3","luik5a_run1_segm.eaf"
10402,11791,1389,"segm__4","luik5a_run1_segm.eaf"
11791,13194,1403,"segm__5","luik5a_run1_segm.eaf"
13194,14835,1641,"segm__6","luik5a_run1_segm.eaf"
14835,16164,1329,"segm__7","luik5a_run1_segm.eaf"
16164,18029,1865,"segm__8","luik5a_run1_segm.eaf"
18029,19477,1448,"segm__9","luik5a_run1_segm.eaf"
19477,22835,3358,"segm__10","luik5a_run1_segm.eaf"
22835,25134,2299,"segm__11","luik5a_run1_segm.eaf"
25805,26611,806,"segm__12","luik5a_run1_segm.eaf"
26611,27582,971,"segm__13","luik5a_run1_segm.eaf"
28940,31611,2671,"segm__14","luik5a_run1_segm.eaf"
31611,33552,1941,"segm__15","luik5a_run1_segm.eaf"
33552,34880,1328,"segm__16","luik5a_run1_segm.eaf"
34880,39671,4791,"segm__17","luik5a_run1_segm.eaf"
39716,40656,940,"segm__18","luik5a_run1_segm.eaf"
40656,41805,1149,"segm__19","luik5a_run1_segm.eaf"
42776,44970,2194,"segm__20","luik5a_run1_segm.eaf"
44970,46014,1044,"segm__21","luik5a_run1_segm.eaf"
46014,48462,2448,"segm__22","luik5a_run1_segm.eaf"
73253,76000,2747,"segm__23","luik5a_run1_segm.eaf"
76835,78283,1448,"segm__24","luik5a_run1_segm.eaf"
82133,83406,1273,"segm__25","luik5a_run1_segm.eaf"
83406,84622,1216,"segm__26","luik5a_run1_segm.eaf"
85226,86000,774,"segm__27","luik5a_run1_segm.eaf"
86517,88622,2105,"segm__28","luik5a_run1_segm.eaf"
90156,92720,2564,"segm__29","luik5a_run1_segm.eaf"
93395,94610,1215,"segm__30","luik5a_run1_segm.eaf"
94872,97069,2197,"segm__31","luik5a_run1_segm.eaf"
101748,101938,190,"segm__32","luik5a_run1_segm.eaf"

16750,17609,859,"segm_1","luik5b_run1_segm.eaf"
18890,19937,1047,"segm_2","luik5b_run1_segm.eaf"
21109,23218,2109,"segm_3","luik5b_run1_segm.eaf"
28816,30295,1479,"segm_4","luik5b_run1_segm.eaf"
42193,44704,2511,"segm_5","luik5b_run1_segm.eaf"
47530,50000,2470,"segm_6","luik5b_run1_segm.eaf"
63887,67020,3133,"segm_7","luik5b_run1_segm.eaf"

6370,6759,389,"segm_1","luik5b_run2_segm.eaf"
7002,8611,1609,"segm_2","luik5b_run2_segm.eaf"
9974,12389,2415,"segm_3","luik5b_run2_segm.eaf"
13246,15025,1779,"segm_4","luik5b_run2_segm.eaf"
19467,25545,6078,"segm_5","luik5b_run2_segm.eaf"
27320,28940,1620,"segm_6","luik5b_run2_segm.eaf"
28940,31420,2480,"segm_7","luik5b_run2_segm.eaf"
31420,37980,6560,"segm_8","luik5b_run2_segm.eaf"
37980,40840,2860,"segm_9","luik5b_run2_segm.eaf"
40840,43080,2240,"segm_10","luik5b_run2_segm.eaf"

